symbol,side,direction,create_time,entry_time,exit_time,create_idx,entry_idx,exit_idx,entry_price,sl_price,tp_price,structural_stop_price,stop_distance_pips,stop_distance_atr,origin_swing_price,origin_swing_idx,sweep_price,sweep_idx,bos_break_price,bos_break_idx,bos_level,bos_direction,zone_low,zone_high,zone_size_atr,bars_since_fvg_creation,fvg_type,fvg_mid,pnl_r,holding_bars,exit_reason,mfe_r,mae_r
EURUSD,LONG,1,2010-06-10 15:00:00+00:00,2010-06-11 17:00:00+00:00,2010-06-11 18:00:00+00:00,954,980,981,1.2076,1.2151399999999999,1.2226799999999998,1.2151399999999999,0.00753999999999988,2.447484349640601,1.2151399999999999,976,1.2151399999999999,977,1.20845,977,1.20726,1,1.2053099999999999,1.20613,0.20437956204380692,26,fvg_bullish,1.20572,1.0,1,sl_hit,0.029177718832876717,-0.27188328912465753
EURUSD,LONG,1,2010-11-22 01:00:00+00:00,2010-11-22 08:00:00+00:00,2010-11-22 09:00:00+00:00,3724,3731,3732,1.37317,1.3767,1.38023,1.3767,0.003530000000000033,1.3528606624692014,1.3767,3728,1.3767,3729,1.3749799999999999,3729,1.37308,1,1.36944,1.3739,1.338191170167116,7,fvg_bullish,1.37167,1.0,1,sl_hit,0.47875354107647405,-0.25212464589236516
EURUSD,LONG,1,2012-04-09 19:00:00+00:00,2012-04-10 10:00:00+00:00,2012-04-10 11:00:00+00:00,12346,12361,12362,1.30834,1.31436,1.3203799999999999,1.31436,0.006019999999999914,3.541176470588211,1.31436,12355,1.31436,12356,1.31423,12356,1.30851,1,1.3076400000000001,1.30823,0.3653250773992918,15,fvg_bullish,1.307935,1.0,1,sl_hit,0.22259136212623187,-0.1362126245847267
EURUSD,LONG,1,2012-12-11 14:00:00+00:00,2012-12-11 15:00:00+00:00,2012-12-11 16:00:00+00:00,16565,16566,16567,1.29923,1.29965,1.3000699999999998,1.29965,0.0004199999999998649,0.24989375265610742,1.29965,16564,1.29965,16565,1.29836,16565,1.29419,1,1.29749,1.29836,0.5382235969951007,1,fvg_bullish,1.297925,1.0,1,sl_hit,1.5238095238099518,-2.547619047620168
EURUSD,SHORT,-1,2013-08-21 11:00:00+00:00,2013-08-21 12:00:00+00:00,2013-08-21 13:00:00+00:00,20832,20833,20834,1.34056,1.33859,1.33662,1.33859,0.0019700000000000273,1.8851674641148404,1.33859,20831,1.33859,20832,1.33859,20832,1.34139,-1,1.33999,1.34073,0.7914438502673372,1,fvg_bearish,1.34036,1.0,1,sl_hit,1.2487309644669404,-0.020304568527938806
EURUSD,SHORT,-1,2013-09-26 12:00:00+00:00,2013-09-27 14:00:00+00:00,2013-09-27 15:00:00+00:00,21457,21483,21484,1.35338,1.34721,1.34104,1.34721,0.006170000000000009,4.967222541690503,1.34721,21464,1.34721,21465,1.34783,21465,1.35113,-1,1.35145,1.35151,0.0607375271149148,26,fvg_bearish,1.35148,1.0,1,sl_hit,-0.0016207455429603725,-0.35494327390598235
EURUSD,SHORT,-1,2013-11-01 16:00:00+00:00,2013-11-04 00:00:00+00:00,2013-11-04 01:00:00+00:00,22054,22062,22063,1.34904,1.34798,1.34692,1.34798,0.001060000000000061,0.5167130919220339,1.34798,22055,1.34798,22056,1.34879,22056,1.35394,-1,1.3504800000000001,1.3507799999999999,0.16935483870953236,8,fvg_bearish,1.35063,1.0,1,sl_hit,0.16037735849056012,-0.48113207547168035
EURUSD,LONG,1,2014-05-27 03:00:00+00:00,2014-05-27 09:00:00+00:00,2014-05-27 10:00:00+00:00,25494,25500,25501,1.36516,1.3668,1.36844,1.3668,0.0016400000000000858,2.460878885316356,1.3668,25494,1.3668,25495,1.36623,25495,1.36538,1,1.3646,1.36486,0.37142857142847435,6,fvg_bullish,1.36473,1.0,1,sl_hit,0.2987804878049243,-0.5243902439023268
EURUSD,LONG,1,2014-06-25 15:00:00+00:00,2014-06-26 14:00:00+00:00,2014-06-26 15:00:00+00:00,26010,26033,26034,1.36078,1.36406,1.36734,1.36406,0.0032799999999999496,4.560079443892871,1.36406,26014,1.36406,26028,1.3635,26028,1.36185,1,1.3605800000000001,1.36101,0.4866612772836551,23,fvg_bullish,1.360795,1.0,1,sl_hit,0.15243902439022947,-0.36280487804879347
EURUSD,SHORT,-1,2014-09-02 12:00:00+00:00,2014-09-02 15:00:00+00:00,2014-09-02 16:00:00+00:00,27183,27186,27187,1.31222,1.31097,1.30972,1.31097,0.0012499999999999734,1.4297385620914953,1.31097,27183,1.31097,27184,1.31173,27184,1.3118400000000001,-1,1.31188,1.31226,0.5115384615385156,3,fvg_bearish,1.3120699999999998,1.0,1,sl_hit,0.1279999999999531,-0.37599999999998435
EURUSD,SHORT,-1,2015-03-18 08:00:00+00:00,2015-03-18 10:00:00+00:00,2015-03-18 11:00:00+00:00,30496,30498,30499,1.0612,1.05795,1.0547,1.05795,0.003249999999999975,2.29219143576833,1.05795,30496,1.05795,30497,1.05933,30497,1.05836,-1,1.06007,1.06024,0.13033953997810202,2,fvg_bearish,1.060155,1.0,1,sl_hit,0.6184615384614955,-0.049230769230818844
EURUSD,SHORT,-1,2015-04-09 19:00:00+00:00,2015-04-10 03:00:00+00:00,2015-04-10 04:00:00+00:00,30891,30899,30900,1.0674,1.06372,1.06004,1.06372,0.0036799999999999056,1.7259631490786864,1.06372,30893,1.06372,30894,1.06527,30894,1.07628,-1,1.067,1.0673,0.10550113036924143,8,fvg_bearish,1.0671499999999998,1.0,1,sl_hit,0.25815217391305184,-0.22282608695653913
EURUSD,LONG,1,2015-04-27 18:00:00+00:00,2015-04-27 20:00:00+00:00,2015-04-27 21:00:00+00:00,31178,31180,31181,1.08802,1.09261,1.0972000000000002,1.09261,0.004590000000000094,1.6326219512195523,1.09261,31160,1.09261,31179,1.09061,31179,1.08861,1,1.08642,1.08837,0.7860639216815978,2,fvg_bullish,1.087395,1.0,1,sl_hit,0.2723311546840845,-0.06753812636166147
EURUSD,SHORT,-1,2016-09-16 17:00:00+00:00,2016-09-19 16:00:00+00:00,2016-09-19 17:00:00+00:00,39846,39869,39870,1.1176,1.11494,1.1122800000000002,1.11494,0.0026599999999998847,2.781179985063403,1.11494,39851,1.11494,39853,1.11519,39853,1.12254,-1,1.11776,1.11816,0.32220943613345215,23,fvg_bearish,1.11796,1.0,1,sl_hit,0.0037593984961819178,-0.8157894736842479
EURUSD,SHORT,-1,2016-09-16 16:00:00+00:00,2016-09-19 17:00:00+00:00,2016-09-19 18:00:00+00:00,39845,39870,39871,1.11824,1.11494,1.1116400000000002,1.11494,0.0032999999999998586,3.1027535258562247,1.11494,39851,1.11494,39853,1.11519,39853,1.12254,-1,1.11877,1.12149,2.3191230207065514,25,fvg_bearish,1.12013,1.0,1,sl_hit,0.23636363636364738,-0.17575757575759085
EURUSD,SHORT,-1,2016-11-10 12:00:00+00:00,2016-11-10 13:00:00+00:00,2016-11-10 14:00:00+00:00,40777,40778,40779,1.08987,1.08873,1.08759,1.08873,0.0011399999999999189,0.5759653554672968,1.08873,40776,1.08873,40777,1.08998,40777,1.09067,-1,1.09066,1.0917,0.5572139303482166,1,fvg_bearish,1.09118,1.0,1,sl_hit,2.561403508771947,-1.0263157894738584
EURUSD,LONG,1,2017-06-16 18:00:00+00:00,2017-06-16 19:00:00+00:00,2017-06-16 20:00:00+00:00,44475,44476,44477,1.11885,1.11996,1.1210700000000002,1.11996,0.0011100000000001664,0.8031007751939198,1.11996,44474,1.11996,44475,1.11928,44475,1.11577,1,1.11767,1.11864,0.6992790937179161,1,fvg_bullish,1.118155,1.0,1,sl_hit,0.6036036036036667,-0.11711711711706665
EURUSD,LONG,1,2017-08-23 21:00:00+00:00,2017-08-23 23:00:00+00:00,2017-08-24 00:00:00+00:00,45630,45632,45633,1.18064,1.1823,1.18396,1.1823,0.0016599999999999948,0.9965694682675686,1.1823,45630,1.1823,45631,1.18175,45631,1.1766,1,1.18048,1.18068,0.12461059190029664,2,fvg_bullish,1.18058,1.0,1,sl_hit,0.3132530120482395,-0.012048192771029543
EURUSD,LONG,1,2017-08-28 19:00:00+00:00,2017-08-29 01:00:00+00:00,2017-08-29 02:00:00+00:00,45700,45706,45707,1.19676,1.19836,1.1999600000000001,1.19836,0.0016000000000000458,1.2662521198417083,1.19836,45702,1.19836,45705,1.1978,45705,1.19422,1,1.19575,1.19719,1.03917525773186,6,fvg_bullish,1.1964700000000001,1.0,1,sl_hit,0.1125000000000399,-0.7624999999999774
EURUSD,LONG,1,2017-12-26 09:00:00+00:00,2017-12-26 11:00:00+00:00,2017-12-26 12:00:00+00:00,47716,47718,47719,1.18606,1.18754,1.1890200000000002,1.18754,0.0014800000000001479,1.366754617414379,1.18754,47716,1.18754,47717,1.18689,47717,1.18618,1,1.18614,1.18666,0.4805280528053437,2,fvg_bullish,1.1864,1.0,1,sl_hit,0.006756756756800346,-0.3581081081080179
EURUSD,LONG,1,2018-02-13 07:00:00+00:00,2018-02-14 15:00:00+00:00,2018-02-14 16:00:00+00:00,48517,48549,48550,1.23037,1.23918,1.24799,1.23918,0.008809999999999985,4.485090909090925,1.23918,48539,1.23918,48540,1.23767,48540,1.23067,1,1.22969,1.22987,0.1392265193370716,32,fvg_bullish,1.2297799999999999,1.0,1,sl_hit,0.29965947786605907,-0.03632236095344796
EURUSD,SHORT,-1,2018-09-28 00:00:00+00:00,2018-09-28 03:00:00+00:00,2018-09-28 04:00:00+00:00,52418,52421,52422,1.16422,1.16328,1.1623400000000002,1.16328,0.0009399999999999409,0.6305701964541958,1.16328,52419,1.16328,52420,1.16356,52420,1.17257,-1,1.16411,1.16418,0.04049586776860306,3,fvg_bearish,1.164145,1.0,1,sl_hit,0.32978723404260846,-0.32978723404260846
EURUSD,LONG,1,2019-12-09 08:00:00+00:00,2019-12-09 19:00:00+00:00,2019-12-09 20:00:00+00:00,59811,59822,59823,1.10564,1.10775,1.10986,1.10775,0.0021100000000000563,2.8651794374393824,1.10775,59817,1.10775,59818,1.10749,59818,1.10603,1,1.10568,1.10581,0.278713629402653,11,fvg_bullish,1.105745,1.0,1,sl_hit,0.22748815165877875,-0.0663507109004859
EURUSD,LONG,1,2019-12-26 19:00:00+00:00,2019-12-26 22:00:00+00:00,2019-12-26 23:00:00+00:00,60103,60106,60107,1.11025,1.11087,1.11149,1.11087,0.0006200000000000649,0.9323308270677739,1.11087,60104,1.11087,60105,1.11027,60105,1.10944,1,1.10997,1.11018,0.3504171632896981,3,fvg_bullish,1.110075,1.0,1,sl_hit,0.08064516129048432,-1.2419354838707366
EURUSD,LONG,1,2020-02-21 17:00:00+00:00,2020-02-24 00:00:00+00:00,2020-02-24 01:00:00+00:00,61051,61057,61058,1.0829,1.08631,1.0897200000000002,1.08631,0.003410000000000135,1.9670374948497034,1.08631,61051,1.08631,61052,1.08539,61052,1.08195,1,1.08121,1.08366,1.765311374163745,6,fvg_bullish,1.082435,1.0,1,sl_hit,0.37243401759532374,-0.032258064516143735
EURUSD,SHORT,-1,2020-03-20 01:00:00+00:00,2020-03-20 03:00:00+00:00,2020-03-20 04:00:00+00:00,61512,61514,61515,1.06639,1.06534,1.06429,1.06534,0.0010499999999999954,0.21437946623887827,1.06534,61512,1.06534,61513,1.06543,61513,1.08014,-1,1.06699,1.06743,0.0827512090274038,2,fvg_bearish,1.0672100000000002,1.0,1,sl_hit,0.19047619047617034,-7.552380952380979
EURUSD,SHORT,-1,2020-10-06 22:00:00+00:00,2020-10-07 10:00:00+00:00,2020-10-07 11:00:00+00:00,64941,64953,64954,1.17663,1.17248,1.1683299999999999,1.17248,0.004150000000000098,2.843857072932099,1.17248,64947,1.17248,64948,1.1731,64948,1.17652,-1,1.176,1.1772,0.6078147612156726,12,fvg_bearish,1.1766,1.0,1,sl_hit,0.4048192771084545,-0.012048192771055974
EURUSD,LONG,1,2020-12-21 19:00:00+00:00,2020-12-22 05:00:00+00:00,2020-12-22 06:00:00+00:00,66227,66237,66238,1.22288,1.2252399999999999,1.2275999999999998,1.2252399999999999,0.0023599999999999177,1.569596199524885,1.2252399999999999,66229,1.2252399999999999,66230,1.22318,66230,1.22265,1,1.22199,1.22266,0.2308638936746837,10,fvg_bullish,1.222325,1.0,1,sl_hit,0.029661016949159718,-0.4194915254237631
EURUSD,LONG,1,2021-02-03 23:00:00+00:00,2021-02-04 00:00:00+00:00,2021-02-04 01:00:00+00:00,66942,66943,66944,1.20316,1.20478,1.2064,1.20478,0.0016199999999999548,1.2373158756137312,1.20478,66923,1.20478,66924,1.20417,66924,1.20322,1,1.2028699999999999,1.20307,0.14973262032100765,1,fvg_bullish,1.20297,1.0,1,sl_hit,0.6358024691358736,0.0
EURUSD,LONG,1,2021-03-11 11:00:00+00:00,2021-03-11 14:00:00+00:00,2021-03-11 15:00:00+00:00,67549,67552,67553,1.1954,1.19686,1.19832,1.19686,0.0014600000000000168,1.2320675105485626,1.19686,67548,1.19686,67549,1.19635,67549,1.19246,1,1.19461,1.19568,0.9505076142133372,3,fvg_bullish,1.1951450000000001,1.0,1,sl_hit,1.328767123287692,-0.7328767123288452
EURUSD,LONG,1,2021-03-16 07:00:00+00:00,2021-03-16 09:00:00+00:00,2021-03-16 10:00:00+00:00,67616,67618,67619,1.19293,1.19385,1.19477,1.19385,0.0009200000000000319,1.199255121042925,1.19385,67616,1.19385,67617,1.19348,67617,1.19372,1,1.19281,1.19327,0.45901639344276457,2,fvg_bullish,1.1930399999999999,1.0,1,sl_hit,0.02173913043468292,-1.5108695652173414
EURUSD,LONG,1,2021-04-23 22:00:00+00:00,2021-04-26 00:00:00+00:00,2021-04-26 01:00:00+00:00,68303,68305,68306,1.20941,1.20998,1.21055,1.20998,0.0005699999999999594,0.4947303161809946,1.20998,68303,1.20998,68304,1.20966,68304,1.20695,1,1.20863,1.20917,0.4075471698113128,2,fvg_bullish,1.2089,1.0,1,sl_hit,0.5263157894736638,-0.6315789473687081
EURUSD,SHORT,-1,2021-05-12 18:00:00+00:00,2021-05-13 03:00:00+00:00,2021-05-13 04:00:00+00:00,68611,68620,68621,1.20816,1.20654,1.20492,1.20654,0.0016199999999999548,0.8082679971489383,1.20654,68612,1.20654,68613,1.20746,68613,1.21153,-1,1.2082600000000001,1.20911,0.3923508077809751,9,fvg_bearish,1.208685,1.0,1,sl_hit,0.2777777777776864,-0.43209876543220027
EURUSD,SHORT,-1,2021-12-02 20:00:00+00:00,2021-12-02 21:00:00+00:00,2021-12-02 22:00:00+00:00,72114,72115,72116,1.1296599999999999,1.12954,1.12942,1.12954,0.00011999999999989797,0.08183146614703159,1.12954,72113,1.12954,72114,1.13036,72114,1.13069,-1,1.13038,1.13049,0.07758186397988674,1,fvg_bearish,1.1304349999999999,1.0,1,sl_hit,0.25,-6.666666666673452
EURUSD,LONG,1,2021-12-31 18:00:00+00:00,2022-01-03 03:00:00+00:00,2022-01-03 04:00:00+00:00,72609,72617,72618,1.13583,1.13861,1.14139,1.13861,0.0027800000000000047,1.6498516320475272,1.13861,72610,1.13861,72611,1.13843,72611,1.1344400000000001,1,1.13529,1.13588,0.3344129554656391,8,fvg_bullish,1.1355849999999998,1.0,1,sl_hit,0.010791366906545499,-0.5791366906474412
EURUSD,LONG,1,2023-03-06 17:00:00+00:00,2023-03-07 11:00:00+00:00,2023-03-07 12:00:00+00:00,79898,79916,79917,1.06565,1.06941,1.07317,1.06941,0.0037599999999999856,3.5712347354138316,1.06941,79900,1.06941,79914,1.06855,79914,1.06294,1,1.06579,1.06612,0.20782726045879865,18,fvg_bullish,1.065955,1.0,1,sl_hit,0.2579787234042338,-0.06648936170215011
EURUSD,LONG,1,2023-03-06 16:00:00+00:00,2023-03-07 14:00:00+00:00,2023-03-07 15:00:00+00:00,79897,79919,79920,1.06694,1.06941,1.07188,1.06941,0.0024699999999999722,2.008130081300789,1.06941,79900,1.06941,79914,1.06855,79914,1.06294,1,1.06427,1.065,0.49087415946198004,22,fvg_bullish,1.064635,1.0,1,sl_hit,0.09311740890686439,-0.6842105263157847
EURUSD,LONG,1,2023-06-26 14:00:00+00:00,2023-06-26 17:00:00+00:00,2023-06-26 18:00:00+00:00,81814,81817,81818,1.09083,1.09201,1.0931899999999999,1.09201,0.0011799999999999589,1.1207598371777103,1.09201,81815,1.09201,81816,1.09126,81816,1.09024,1,1.09011,1.09029,0.1748785565580125,3,fvg_bullish,1.0901999999999998,1.0,1,sl_hit,0.7966101694915031,-0.22881355932203548
EURUSD,LONG,1,2024-01-08 16:00:00+00:00,2024-01-08 20:00:00+00:00,2024-01-08 21:00:00+00:00,85124,85128,85129,1.09554,1.09788,1.10022,1.09788,0.0023400000000000087,1.7500000000000415,1.09788,85126,1.09788,85127,1.09646,85127,1.09523,1,1.09482,1.09495,0.11599745060564852,4,fvg_bullish,1.094885,1.0,1,sl_hit,0.3205128205128315,-0.10256410256410986
EURUSD,SHORT,-1,2024-03-20 12:00:00+00:00,2024-03-20 18:00:00+00:00,2024-03-20 19:00:00+00:00,86368,86374,86375,1.08546,1.08365,1.08184,1.08365,0.0018100000000000893,2.4318618042229017,1.08365,86368,1.08365,86369,1.08397,86369,1.08583,-1,1.08524,1.0865,1.975363941769355,6,fvg_bearish,1.08587,1.0,1,sl_hit,0.05524861878452158,-0.37016574585630685
EURUSD,SHORT,-1,2024-05-09 11:00:00+00:00,2024-05-09 13:00:00+00:00,2024-05-09 14:00:00+00:00,87231,87233,87234,1.07349,1.07262,1.0717499999999998,1.07262,0.0008700000000001484,1.467469879518288,1.07262,87231,1.07262,87232,1.07306,87232,1.07351,-1,1.07353,1.07362,0.16688741721840236,2,fvg_bearish,1.073575,1.0,1,sl_hit,1.2528735632182177,-0.14942528735625438
EURUSD,SHORT,-1,2024-05-23 21:00:00+00:00,2024-05-23 23:00:00+00:00,2024-05-24 00:00:00+00:00,87481,87483,87484,1.0812,1.08049,1.07978,1.08049,0.0007099999999999884,0.540511147362691,1.08049,87481,1.08049,87482,1.08102,87482,1.08124,-1,1.08138,1.0818,0.3213114754099029,2,fvg_bearish,1.08159,1.0,1,sl_hit,0.5211267605633627,-0.028169014084692044
EURUSD,SHORT,-1,2024-05-23 20:00:00+00:00,2024-05-24 10:00:00+00:00,2024-05-24 11:00:00+00:00,87480,87494,87495,1.08243,1.08049,1.07855,1.08049,0.0019400000000000528,3.3572311495671188,1.08049,87481,1.08049,87482,1.08102,87482,1.08124,-1,1.08202,1.08205,0.023359288097866828,14,fvg_bearish,1.0820349999999999,1.0,1,sl_hit,0.2371134020618002,-0.20618556701028096
EURUSD,SHORT,-1,2024-06-10 07:00:00+00:00,2024-06-10 09:00:00+00:00,2024-06-10 10:00:00+00:00,87755,87757,87758,1.07519,1.07481,1.07443,1.07481,0.00038000000000004697,0.3794579172611046,1.07481,87755,1.07481,87756,1.07535,87756,1.07625,-1,1.07558,1.07667,1.0845771144279108,2,fvg_bearish,1.076125,1.0,1,sl_hit,1.0263157894738533,-3.84210526315688
EURUSD,SHORT,-1,2024-10-28 06:00:00+00:00,2024-10-28 09:00:00+00:00,2024-10-28 10:00:00+00:00,90148,90151,90152,1.0794,1.07821,1.0770199999999999,1.07821,0.0011900000000000244,1.5687382297552002,1.07821,90148,1.07821,90150,1.07881,90150,1.08139,-1,1.079,1.07901,0.010997643362209196,3,fvg_bearish,1.079005,1.0,1,sl_hit,0.07563025210077448,-0.9663865546218158
EURUSD,SHORT,-1,2024-10-25 19:00:00+00:00,2024-10-28 11:00:00+00:00,2024-10-28 12:00:00+00:00,90137,90153,90154,1.0819,1.07821,1.0745199999999997,1.07821,0.003690000000000193,4.007757951900887,1.07821,90148,1.07821,90150,1.07881,90150,1.08139,-1,1.08123,1.08268,1.3904109589043443,16,fvg_bearish,1.081955,1.0,1,sl_hit,0.28726287262872774,-0.024390243902417008
EURUSD,SHORT,-1,2024-11-06 13:00:00+00:00,2024-11-06 20:00:00+00:00,2024-11-06 21:00:00+00:00,90323,90330,90331,1.07531,1.06823,1.06115,1.06823,0.007079999999999975,2.1487101669195776,1.06823,90324,1.06823,90325,1.07098,90325,1.08723,-1,1.07469,1.0749900000000001,0.06702840727741222,7,fvg_bearish,1.07484,1.0,1,sl_hit,0.3262711864406839,-0.0014124293785403314
EURUSD,LONG,1,2025-01-14 21:00:00+00:00,2025-01-15 04:00:00+00:00,2025-01-15 05:00:00+00:00,91453,91460,91461,1.02972,1.03085,1.0319800000000001,1.03085,0.0011300000000000754,0.7724609375000328,1.03085,91455,1.03085,91457,1.03061,91457,1.0275,1,1.02913,1.02961,0.264984227129232,7,fvg_bullish,1.0293700000000001,1.0,1,sl_hit,0.460176991150479,-0.08849557522122328
EURUSD,LONG,1,2025-04-28 20:00:00+00:00,2025-04-29 03:00:00+00:00,2025-04-29 04:00:00+00:00,93228,93235,93236,1.13998,1.14248,1.1449799999999999,1.14248,0.0024999999999999467,1.1904761904761525,1.14248,93230,1.14248,93231,1.14179,93231,1.13809,1,1.13924,1.1400299999999999,0.30824972129313655,7,fvg_bullish,1.139635,1.0,1,sl_hit,0.35600000000003057,-0.4959999999999737
EURUSD,LONG,1,2025-08-07 08:00:00+00:00,2025-08-07 09:00:00+00:00,2025-08-07 10:00:00+00:00,94968,94969,94970,1.16761,1.16765,1.1676900000000001,1.16765,4.0000000000040004e-05,0.03389830508477902,1.16765,94967,1.16765,94968,1.16751,94968,1.16686,1,1.16654,1.16685,0.2535046728972192,1,fvg_bullish,1.1666949999999998,1.0,1,sl_hit,37.99999999996114,-6.7499999999930616
EURUSD,LONG,1,2025-08-11 06:00:00+00:00,2025-08-11 09:00:00+00:00,2025-08-11 10:00:00+00:00,95014,95017,95018,1.16643,1.16754,1.16865,1.16754,0.0011099999999999444,1.136795903438123,1.16754,95014,1.16754,95015,1.1672,95015,1.16678,1,1.16589,1.16649,0.5266457680250161,3,fvg_bullish,1.16619,1.0,1,sl_hit,0.1441441441440955,-1.6486486486487297
EURUSD,LONG,1,2026-02-09 02:00:00+00:00,2026-02-09 04:00:00+00:00,2026-02-09 05:00:00+00:00,98082,98084,98085,1.18197,1.18336,1.18475,1.18336,0.0013900000000000023,1.2619974059663353,1.18336,98082,1.18336,98083,1.18256,98083,1.18262,1,1.18142,1.1824,0.9276538201487817,2,fvg_bullish,1.1819099999999998,1.0,1,sl_hit,0.38129496402887814,-0.10071942446045234
GBPUSD,SHORT,-1,2010-12-15 07:00:00+00:00,2010-12-15 09:00:00+00:00,2010-12-15 10:00:00+00:00,4136,4138,4139,1.57551,1.57119,1.5668700000000002,1.57119,0.0043199999999998795,2.0073016926650626,1.57119,4136,1.57119,4137,1.57214,4137,1.5738400000000001,-1,1.57489,1.57571,0.4272422776330747,2,fvg_bearish,1.5753,1.0,1,sl_hit,1.56481481481483,-0.2708333333333676
GBPUSD,LONG,1,2011-08-23 10:00:00+00:00,2011-08-23 16:00:00+00:00,2011-08-23 17:00:00+00:00,8411,8417,8418,1.65061,1.657,1.6633900000000001,1.657,0.006390000000000118,2.3548302184785923,1.657,8412,1.657,8414,1.6522000000000001,8414,1.65195,1,1.64822,1.64881,0.29776496034612,6,fvg_bullish,1.6485150000000002,1.0,1,sl_hit,0.4788732394366207,-0.19874804381844427
GBPUSD,LONG,1,2011-10-07 11:00:00+00:00,2011-10-07 13:00:00+00:00,2011-10-07 14:00:00+00:00,9204,9206,9207,1.55196,1.55517,1.5583799999999999,1.55517,0.003209999999999935,1.1478927203064833,1.55517,9203,1.55517,9204,1.55165,9204,1.5457800000000002,1,1.54961,1.55065,0.36982473964953005,2,fvg_bullish,1.55013,1.0,1,sl_hit,0.806853582554493,0.0
GBPUSD,LONG,1,2012-10-17 12:00:00+00:00,2012-10-17 16:00:00+00:00,2012-10-17 17:00:00+00:00,15629,15633,15634,1.6169,1.6177700000000002,1.6186400000000003,1.6177700000000002,0.0008700000000001484,0.4858396489829065,1.6177700000000002,15631,1.6177700000000002,15632,1.61568,15632,1.61335,1,1.61408,1.6145399999999999,0.28982898289822245,4,fvg_bullish,1.61431,1.0,1,sl_hit,0.6666666666665816,-1.8390804597698538
GBPUSD,SHORT,-1,2013-02-14 20:00:00+00:00,2013-02-14 22:00:00+00:00,2013-02-14 23:00:00+00:00,17627,17629,17630,1.54907,1.54746,1.5458500000000002,1.54746,0.0016099999999998893,0.7061403508771603,1.54746,17627,1.54746,17628,1.54832,17628,1.54922,-1,1.5493299999999999,1.54938,0.02169197396967745,2,fvg_bearish,1.5493549999999998,1.0,1,sl_hit,0.25465838509319855,-0.20496894409935662
GBPUSD,SHORT,-1,2013-11-25 18:00:00+00:00,2013-11-25 20:00:00+00:00,2013-11-25 21:00:00+00:00,22440,22442,22443,1.61513,1.6133,1.61147,1.6133,0.0018299999999999983,1.1047865459249435,1.6133,22440,1.6133,22441,1.61479,22441,1.6185,-1,1.61548,1.6157599999999999,0.1789137380190637,2,fvg_bearish,1.6156199999999998,1.0,1,sl_hit,0.7650273224044094,0.010928961748584152
GBPUSD,SHORT,-1,2013-11-25 16:00:00+00:00,2013-11-26 10:00:00+00:00,2013-11-26 11:00:00+00:00,22438,22456,22457,1.6190799999999999,1.6133,1.60752,1.6133,0.005779999999999896,4.7266355140186,1.6133,22440,1.6133,22441,1.61479,22441,1.6185,-1,1.61742,1.61903,1.11916583912605,18,fvg_bearish,1.618225,1.0,1,sl_hit,0.1764705882352625,-0.024221453287202682
GBPUSD,SHORT,-1,2013-12-05 12:00:00+00:00,2013-12-05 13:00:00+00:00,2013-12-05 14:00:00+00:00,22626,22627,22628,1.63388,1.6337000000000002,1.6335200000000003,1.6337000000000002,0.00017999999999984695,0.11204979991097351,1.6337000000000002,22607,1.6337000000000002,22608,1.6352,22608,1.63692,-1,1.63581,1.63812,1.5767918088737072,1,fvg_bearish,1.636965,1.0,1,sl_hit,6.722222222227567,-9.555555555564602
GBPUSD,LONG,1,2014-04-21 08:00:00+00:00,2014-04-21 14:00:00+00:00,2014-04-21 15:00:00+00:00,24875,24881,24882,1.68006,1.68182,1.68358,1.68182,0.0017599999999999838,2.29209302325569,1.68182,24878,1.68182,24879,1.68046,24879,1.6801599999999999,1,1.67954,1.67996,0.44782939832427815,6,fvg_bullish,1.6797499999999999,1.0,1,sl_hit,0.2727272727272957,0.0
GBPUSD,LONG,1,2014-09-01 10:00:00+00:00,2014-09-01 11:00:00+00:00,2014-09-01 12:00:00+00:00,27157,27158,27159,1.66245,1.6630500000000001,1.6636500000000003,1.6630500000000001,0.000600000000000156,0.4808242701775449,1.6630500000000001,27156,1.6630500000000001,27157,1.66292,27157,1.66125,1,1.66056,1.66221,1.4519170333122307,1,fvg_bullish,1.6613850000000001,1.0,1,sl_hit,0.433333333333469,-1.3999999999995558
GBPUSD,SHORT,-1,2015-03-18 13:00:00+00:00,2015-03-18 18:00:00+00:00,2015-03-18 19:00:00+00:00,30501,30506,30507,1.4684300000000001,1.46343,1.45843,1.46343,0.0050000000000001155,1.8205461638491924,1.46343,30502,1.46343,30503,1.46377,30503,1.47231,-1,1.46856,1.47256,1.9628461268839417,5,fvg_bearish,1.47056,1.0,1,sl_hit,0.06799999999999982,-0.7279999999999563
GBPUSD,LONG,1,2015-04-27 19:00:00+00:00,2015-04-27 20:00:00+00:00,2015-04-27 21:00:00+00:00,31179,31180,31181,1.52287,1.5261,1.52933,1.5261,0.003230000000000066,1.0920067616518105,1.5261,31160,1.5261,31179,1.52443,31179,1.51894,1,1.52091,1.5232,0.799501246882854,1,fvg_bullish,1.522055,1.0,1,sl_hit,0.24767801857588778,-0.2569659442724054
GBPUSD,LONG,1,2015-07-06 19:00:00+00:00,2015-07-06 20:00:00+00:00,2015-07-06 21:00:00+00:00,32379,32380,32381,1.56084,1.56281,1.56478,1.56281,0.0019700000000000273,0.658233890214802,1.56281,32360,1.56281,32379,1.56203,32379,1.5597400000000001,1,1.56115,1.56122,0.02406088877977397,1,fvg_bullish,1.561185,1.0,1,sl_hit,0.22842639593911432,-0.3451776649746216
GBPUSD,LONG,1,2017-05-02 22:00:00+00:00,2017-05-03 07:00:00+00:00,2017-05-03 08:00:00+00:00,43687,43696,43697,1.29172,1.2947600000000001,1.2978000000000003,1.2947600000000001,0.0030400000000001537,3.099781500364268,1.2947600000000001,43692,1.2947600000000001,43693,1.29425,43693,1.2928600000000001,1,1.29234,1.29264,0.16291698991464934,9,fvg_bullish,1.29249,1.0,1,sl_hit,0.0131578947368546,-0.46052631578947273
GBPUSD,LONG,1,2017-11-30 04:00:00+00:00,2017-11-30 09:00:00+00:00,2017-11-30 10:00:00+00:00,47314,47319,47320,1.34561,1.34792,1.35023,1.34792,0.0023100000000000342,1.440534521158131,1.34792,47314,1.34792,47317,1.3468200000000001,47317,1.34479,1,1.3416299999999999,1.34545,1.633475870494864,5,fvg_bullish,1.34354,1.0,1,sl_hit,0.8441558441558829,-0.23376623376622377
GBPUSD,SHORT,-1,2019-05-21 10:00:00+00:00,2019-05-21 15:00:00+00:00,2019-05-21 16:00:00+00:00,56362,56367,56368,1.27369,1.26851,1.26333,1.26851,0.005179999999999962,4.127490039840639,1.26851,56363,1.26851,56366,1.27023,56366,1.27145,-1,1.27075,1.27167,1.1827364554637378,5,fvg_bearish,1.27121,1.0,1,sl_hit,0.4266409266409385,-0.05598455598453737
GBPUSD,LONG,1,2019-06-04 20:00:00+00:00,2019-06-05 23:00:00+00:00,2019-06-06 00:00:00+00:00,56612,56639,56640,1.26793,1.27433,1.28073,1.27433,0.006399999999999961,3.1988575508747084,1.27433,56631,1.27433,56632,1.27263,56632,1.26738,1,1.2680500000000001,1.26809,0.018012222579525453,27,fvg_bullish,1.26807,1.0,1,sl_hit,0.18750000000001518,-0.0593750000000077
GBPUSD,SHORT,-1,2019-06-17 22:00:00+00:00,2019-06-18 02:00:00+00:00,2019-06-18 03:00:00+00:00,56830,56834,56835,1.25406,1.25314,1.2522199999999999,1.25314,0.0009200000000000319,0.6913580246913683,1.25314,56831,1.25314,56832,1.25354,56832,1.25717,-1,1.25414,1.25419,0.032124827902632505,4,fvg_bearish,1.254165,1.0,1,sl_hit,0.45652173913051347,-0.03260869565214505
GBPUSD,LONG,1,2019-06-21 22:00:00+00:00,2019-06-24 00:00:00+00:00,2019-06-24 01:00:00+00:00,56926,56928,56929,1.27348,1.27457,1.27566,1.27457,0.0010900000000000354,0.5136317738135453,1.27457,56926,1.27457,56927,1.2743,56927,1.27241,1,1.27278,1.2732700000000001,0.22573214873318326,2,fvg_bullish,1.273025,1.0,1,sl_hit,0.908256880733958,0.01834862385333062
GBPUSD,SHORT,-1,2019-09-23 11:00:00+00:00,2019-09-23 12:00:00+00:00,2019-09-23 13:00:00+00:00,58499,58500,58501,1.24437,1.24227,1.24017,1.24227,0.0020999999999999908,1.3166144200626533,1.24227,58498,1.24227,58499,1.24359,58499,1.24636,-1,1.2438,1.24426,0.2980101804719342,1,fvg_bearish,1.24403,1.0,1,sl_hit,1.1095238095237874,-0.11904761904765933
GBPUSD,LONG,1,2019-11-28 00:00:00+00:00,2019-11-28 13:00:00+00:00,2019-11-28 14:00:00+00:00,59637,59650,59651,1.29151,1.2950300000000001,1.2985500000000003,1.2950300000000001,0.0035200000000001896,2.281481481481504,1.2950300000000001,59645,1.2950300000000001,59646,1.29437,59646,1.2893,1,1.29151,1.29169,0.0855687606112396,13,fvg_bullish,1.2915999999999999,1.0,1,sl_hit,0.11647727272727255,-0.4374999999999409
GBPUSD,SHORT,-1,2020-08-03 00:00:00+00:00,2020-08-03 01:00:00+00:00,2020-08-03 02:00:00+00:00,63815,63816,63817,1.30994,1.30702,1.3041,1.30702,0.0029200000000000337,1.0197056622599336,1.30702,63814,1.30702,63815,1.30797,63815,1.31052,-1,1.30829,1.30868,0.130653266331696,1,fvg_bearish,1.3084850000000001,1.0,1,sl_hit,0.4075342465753461,-0.1815068493150388
GBPUSD,SHORT,-1,2020-08-11 22:00:00+00:00,2020-08-12 11:00:00+00:00,2020-08-12 12:00:00+00:00,63981,63994,63995,1.30532,1.30167,1.2980200000000002,1.30167,0.003649999999999931,2.154300168634047,1.30167,63990,1.30167,63991,1.30349,63991,1.30552,-1,1.30629,1.308,0.6562500000000413,13,fvg_bearish,1.307145,1.0,1,sl_hit,0.2054794520548062,-0.336986301369887
GBPUSD,LONG,1,2020-09-16 14:00:00+00:00,2020-09-16 21:00:00+00:00,2020-09-16 22:00:00+00:00,64597,64604,64605,1.29513,1.3007,1.30627,1.3007,0.005570000000000075,1.9221099334483764,1.3007,64600,1.3007,64601,1.29792,64601,1.29149,1,1.29496,1.29531,0.17798764983646412,7,fvg_bullish,1.2951350000000001,1.0,1,sl_hit,0.4201077199282225,-0.20646319569119728
GBPUSD,LONG,1,2020-09-16 13:00:00+00:00,2020-09-17 03:00:00+00:00,2020-09-17 04:00:00+00:00,64596,64610,64611,1.29344,1.3007,1.30796,1.3007,0.007260000000000044,2.793842770753155,1.3007,64600,1.3007,64601,1.29792,64601,1.29149,1,1.29128,1.29367,1.31992110453653,14,fvg_bullish,1.292475,1.0,1,sl_hit,0.21487603305785075,-0.3030303030302984
GBPUSD,LONG,1,2020-09-16 12:00:00+00:00,2020-09-17 06:00:00+00:00,2020-09-17 07:00:00+00:00,64595,64613,64614,1.2913000000000001,1.3007,1.3100999999999998,1.3007,0.009399999999999853,3.626343345274108,1.3007,64600,1.3007,64601,1.29792,64601,1.29149,1,1.2899,1.29077,0.5375110326566047,18,fvg_bullish,1.290335,1.0,1,sl_hit,0.12872340425531406,-0.04361702127659871
GBPUSD,LONG,1,2020-12-03 14:00:00+00:00,2020-12-04 10:00:00+00:00,2020-12-04 11:00:00+00:00,65937,65957,65958,1.34189,1.34998,1.3580699999999999,1.34998,0.00808999999999993,4.257894736842111,1.34998,65940,1.34998,65941,1.34954,65941,1.34409,1,1.3421,1.34279,0.3788235294116853,20,fvg_bullish,1.342445,1.0,1,sl_hit,0.9233621755253313,-0.009888751545127403
GBPUSD,SHORT,-1,2021-03-02 04:00:00+00:00,2021-03-02 13:00:00+00:00,2021-03-02 14:00:00+00:00,67375,67384,67385,1.3927,1.38588,1.37906,1.38588,0.006820000000000048,3.0311111111111244,1.38588,67382,1.38588,67383,1.38923,67383,1.3903699999999999,-1,1.39118,1.39225,0.45796392540503056,9,fvg_bearish,1.391715,1.0,1,sl_hit,0.21554252199414545,-0.02346041055717549
GBPUSD,SHORT,-1,2021-06-18 23:00:00+00:00,2021-06-21 01:00:00+00:00,2021-06-21 02:00:00+00:00,69264,69266,69267,1.38159,1.37915,1.37671,1.37915,0.0024399999999999977,1.0058892815076752,1.37915,69264,1.37915,69265,1.37954,69265,1.38955,-1,1.38129,1.38174,0.1757812500000268,2,fvg_bearish,1.3815149999999998,1.0,1,sl_hit,0.01639344262296723,-0.29508196721304614
GBPUSD,LONG,1,2021-06-21 20:00:00+00:00,2021-06-22 02:00:00+00:00,2021-06-22 03:00:00+00:00,69285,69291,69292,1.3924,1.3936600000000001,1.3949200000000002,1.3936600000000001,0.0012600000000000389,0.8517624336069883,1.3936600000000001,69287,1.3936600000000001,69290,1.393,69290,1.38289,1,1.39176,1.39237,0.28580990629183467,6,fvg_bullish,1.392065,1.0,1,sl_hit,0.08730158730162786,-1.2460317460317643
GBPUSD,LONG,1,2021-06-21 18:00:00+00:00,2021-06-22 04:00:00+00:00,2021-06-22 05:00:00+00:00,69283,69293,69294,1.39092,1.3936600000000001,1.3964000000000003,1.3936600000000001,0.0027400000000001867,2.020010531859004,1.3936600000000001,69287,1.3936600000000001,69290,1.393,69290,1.38289,1,1.38984,1.3902700000000001,0.19325842696635923,10,fvg_bullish,1.390055,1.0,1,sl_hit,0.37226277372261,-0.10218978102191201
GBPUSD,LONG,1,2021-06-21 17:00:00+00:00,2021-06-22 08:00:00+00:00,2021-06-22 09:00:00+00:00,69282,69297,69298,1.38938,1.3936600000000001,1.3979400000000002,1.3936600000000001,0.0042800000000000615,3.8141311266709916,1.3936600000000001,69287,1.3936600000000001,69290,1.393,69290,1.38289,1,1.38802,1.3895,0.6605036659228206,15,fvg_bullish,1.38876,1.0,1,sl_hit,0.38785046728971284,0.002336448598146114
GBPUSD,SHORT,-1,2021-08-17 18:00:00+00:00,2021-08-18 04:00:00+00:00,2021-08-18 05:00:00+00:00,70267,70277,70278,1.37512,1.3726,1.3700800000000002,1.3726,0.0025199999999998557,1.8289269051320856,1.3726,70268,1.3726,70273,1.37356,70273,1.38277,-1,1.3748,1.37524,0.2541254125412537,10,fvg_bearish,1.3750200000000001,1.0,1,sl_hit,0.4523809523809461,-0.15079365079367807
GBPUSD,SHORT,-1,2021-08-17 17:00:00+00:00,2021-08-18 11:00:00+00:00,2021-08-18 12:00:00+00:00,70266,70284,70285,1.37573,1.3726,1.3694700000000002,1.3726,0.003129999999999855,2.6429433051869147,1.3726,70268,1.3726,70273,1.37356,70273,1.38277,-1,1.3759000000000001,1.37667,0.44693200663346433,18,fvg_bearish,1.3762850000000002,1.0,1,sl_hit,0.3162939297124186,-0.07348242811507513
GBPUSD,SHORT,-1,2022-10-19 15:00:00+00:00,2022-10-19 16:00:00+00:00,2022-10-19 17:00:00+00:00,77587,77588,77589,1.1238299999999999,1.1221700000000001,1.1205100000000003,1.1221700000000001,0.0016599999999997728,0.5707269155205524,1.1221700000000001,77586,1.1221700000000001,77587,1.12458,77587,1.1280000000000001,-1,1.12499,1.12522,0.0821638173003944,1,fvg_bearish,1.125105,1.0,1,sl_hit,0.39156626506018455,-2.385542168675137
GBPUSD,LONG,1,2023-02-01 22:00:00+00:00,2023-02-02 11:00:00+00:00,2023-02-02 12:00:00+00:00,79356,79369,79370,1.23442,1.24003,1.2456399999999999,1.24003,0.005609999999999893,2.74040474528958,1.24003,79359,1.24003,79360,1.23937,79360,1.23372,1,1.23109,1.23515,1.5784504304359575,13,fvg_bullish,1.23312,1.0,1,sl_hit,0.03208556149729953,-0.6060606060606301
GBPUSD,SHORT,-1,2023-02-10 19:00:00+00:00,2023-02-13 00:00:00+00:00,2023-02-13 01:00:00+00:00,79520,79524,79525,1.2053099999999999,1.2046999999999999,1.2040899999999999,1.2046999999999999,0.0006099999999999994,0.23552123552123702,1.2046999999999999,79522,1.2046999999999999,79523,1.20548,79523,1.20893,-1,1.20651,1.20695,0.16400425985090453,4,fvg_bearish,1.2067299999999999,1.0,1,sl_hit,1.147540983606432,-0.2622950819674757
GBPUSD,SHORT,-1,2023-03-02 15:00:00+00:00,2023-03-02 17:00:00+00:00,2023-03-02 18:00:00+00:00,79849,79851,79852,1.19533,1.19252,1.18971,1.19252,0.002809999999999979,1.0861402540033076,1.19252,79849,1.19252,79850,1.19384,79850,1.19648,-1,1.1957200000000001,1.19589,0.06860766791573834,2,fvg_bearish,1.195805,1.0,1,sl_hit,0.6014234875444775,-0.3309608540925638
GBPUSD,LONG,1,2023-04-03 22:00:00+00:00,2023-04-04 00:00:00+00:00,2023-04-04 01:00:00+00:00,80382,80384,80385,1.2415,1.24234,1.24318,1.24234,0.0008399999999999519,0.4479999999999763,1.24234,80382,1.24234,80383,1.2414399999999999,80383,1.23972,1,1.23972,1.24081,0.5151924375422183,2,fvg_bullish,1.240265,1.0,1,sl_hit,0.6785714285714192,-0.11904761904761275
GBPUSD,SHORT,-1,2023-05-17 08:00:00+00:00,2023-05-17 16:00:00+00:00,2023-05-17 17:00:00+00:00,81136,81144,81145,1.24535,1.24217,1.23899,1.24217,0.0031799999999999606,1.6507230255839656,1.24217,81138,1.24217,81139,1.24275,81139,1.2476099999999999,-1,1.24797,1.2482,0.23232323232318086,8,fvg_bearish,1.248085,1.0,1,sl_hit,0.29245283018864365,-0.7264150943396424
GBPUSD,LONG,1,2023-08-16 11:00:00+00:00,2023-08-16 13:00:00+00:00,2023-08-16 14:00:00+00:00,82699,82701,82702,1.27404,1.27663,1.2792199999999998,1.27663,0.00258999999999987,1.8518896833502712,1.27663,82699,1.27663,82700,1.27591,82700,1.27524,1,1.2732700000000001,1.27385,0.4533780011165382,2,fvg_bullish,1.27356,1.0,1,sl_hit,0.16602316602314748,-0.21621621621627182
GBPUSD,LONG,1,2023-08-29 03:00:00+00:00,2023-08-29 10:00:00+00:00,2023-08-29 11:00:00+00:00,82907,82914,82915,1.26116,1.26323,1.2653,1.26323,0.0020700000000000163,1.7779141104293914,1.26323,82910,1.26323,82913,1.26125,82913,1.26108,1,1.26093,1.26102,0.07772979642189431,7,fvg_bullish,1.2609750000000002,1.0,1,sl_hit,0.3574879227052933,-0.2995169082125894
GBPUSD,LONG,1,2023-11-20 04:00:00+00:00,2023-11-20 13:00:00+00:00,2023-11-20 14:00:00+00:00,84322,84331,84332,1.24711,1.25101,1.25491,1.25101,0.0039000000000000146,2.3718505647263757,1.25101,84329,1.25101,84330,1.24716,84330,1.24401,1,1.24557,1.24665,0.6096774193548233,9,fvg_bullish,1.24611,1.0,1,sl_hit,0.179487179487216,-0.18461538461539775
GBPUSD,SHORT,-1,2023-12-06 22:00:00+00:00,2023-12-07 02:00:00+00:00,2023-12-07 03:00:00+00:00,84628,84632,84633,1.25603,1.25516,1.2542900000000001,1.25516,0.0008699999999999264,0.6086956521738387,1.25516,84628,1.25516,84630,1.25596,84630,1.25773,-1,1.25616,1.2566,0.2544403139198601,4,fvg_bearish,1.25638,1.0,1,sl_hit,0.8160919540230442,-0.5172413793104592
GBPUSD,SHORT,-1,2024-03-21 19:00:00+00:00,2024-03-22 03:00:00+00:00,2024-03-22 04:00:00+00:00,86399,86407,86408,1.26734,1.26507,1.2628,1.26507,0.0022699999999999942,1.4149599287622172,1.26507,86402,1.26507,86403,1.2653699999999999,86403,1.26845,-1,1.2673,1.26901,0.8973013493252872,8,fvg_bearish,1.2681550000000001,1.0,1,sl_hit,0.9955947136563588,-0.07048458149786803
GBPUSD,LONG,1,2024-04-29 19:00:00+00:00,2024-04-30 00:00:00+00:00,2024-04-30 01:00:00+00:00,87047,87052,87053,1.25609,1.25694,1.25779,1.25694,0.0008500000000000174,0.5394378966455241,1.25694,87047,1.25694,87048,1.25622,87048,1.25485,1,1.2549299999999999,1.25507,0.07626459143970632,5,fvg_bullish,1.255,1.0,1,sl_hit,0.38823529411757024,-0.10588235294108428
GBPUSD,LONG,1,2024-04-29 18:00:00+00:00,2024-04-30 06:00:00+00:00,2024-04-30 07:00:00+00:00,87046,87058,87059,1.25457,1.25694,1.25931,1.25694,0.0023699999999999832,2.2914364640883385,1.25694,87047,1.25694,87048,1.25622,87048,1.25485,1,1.25322,1.25431,0.6193181818182187,12,fvg_bullish,1.253765,1.0,1,sl_hit,0.042194092826999874,-0.1476793248944527
GBPUSD,SHORT,-1,2024-07-25 14:00:00+00:00,2024-07-25 15:00:00+00:00,2024-07-25 16:00:00+00:00,88554,88555,88556,1.28749,1.2870599999999999,1.2866299999999997,1.2870599999999999,0.0004300000000001525,0.3176781002639533,1.2870599999999999,88553,1.2870599999999999,88554,1.2872,88554,1.28776,-1,1.28781,1.28806,0.20231213872838497,1,fvg_bearish,1.287935,1.0,1,sl_hit,2.6976744186038104,-1.5581395348830485
GBPUSD,SHORT,-1,2024-08-01 11:00:00+00:00,2024-08-01 14:00:00+00:00,2024-08-01 15:00:00+00:00,88671,88674,88675,1.2793,1.2755,1.2717,1.2755,0.0038000000000000256,2.176759410801997,1.2755,88672,1.2755,88673,1.27787,88673,1.28197,-1,1.27923,1.28031,0.8244274809160065,3,fvg_bearish,1.27977,1.0,1,sl_hit,0.1789473684210551,-0.8052631578946895
GBPUSD,SHORT,-1,2024-08-01 10:00:00+00:00,2024-08-01 15:00:00+00:00,2024-08-01 16:00:00+00:00,88670,88675,88676,1.28104,1.2755,1.2699600000000002,1.2755,0.005539999999999878,2.8358318098720146,1.2755,88672,1.2755,88673,1.27787,88673,1.28197,-1,1.28083,1.28455,2.5026429601154425,5,fvg_bearish,1.28269,1.0,1,sl_hit,0.43682310469312635,-0.2310469314079379
GBPUSD,SHORT,-1,2025-03-26 11:00:00+00:00,2025-03-27 05:00:00+00:00,2025-03-27 06:00:00+00:00,92667,92685,92686,1.29122,1.28709,1.28296,1.28709,0.004129999999999967,2.553886925795008,1.28709,92680,1.28709,92681,1.28751,92681,1.29269,-1,1.2913700000000001,1.2928,1.0845070422533503,18,fvg_bearish,1.2920850000000002,1.0,1,sl_hit,0.1452784503631813,-0.05569007263921412
GBPUSD,SHORT,-1,2025-11-04 20:00:00+00:00,2025-11-05 07:00:00+00:00,2025-11-05 08:00:00+00:00,96492,96503,96504,1.30215,1.301,1.29985,1.301,0.0011499999999999844,1.0634081902245456,1.301,96494,1.301,96499,1.30153,96499,1.31085,-1,1.30287,1.30398,0.5873015873015645,11,fvg_bearish,1.3034249999999998,1.0,1,sl_hit,0.026086956521717303,-0.8260869565217559
GBPUSD,LONG,1,2025-11-25 20:00:00+00:00,2025-11-25 22:00:00+00:00,2025-11-25 23:00:00+00:00,96852,96854,96855,1.3162,1.32138,1.32656,1.32138,0.005179999999999962,2.032511210762346,1.32138,96852,1.32138,96853,1.32119,96853,1.3115999999999999,1,1.31854,1.3198400000000001,0.6093069969869835,2,fvg_bullish,1.31919,1.0,1,sl_hit,0.19111969111970145,-0.01351351351351641
GBPUSD,LONG,1,2026-04-13 22:00:00+00:00,2026-04-14 00:00:00+00:00,2026-04-14 01:00:00+00:00,99182,99184,99185,1.34998,1.35086,1.35174,1.35086,0.0008799999999999919,0.5065789473684185,1.35086,99181,1.35086,99183,1.35019,99183,1.34792,1,1.34914,1.35003,0.4764818355640862,2,fvg_bullish,1.349585,1.0,1,sl_hit,1.374999999999937,0.05681818181830225
XAUUSD,LONG,1,2010-08-13 04:00:00+00:00,2010-08-13 13:00:00+00:00,2010-08-13 14:00:00+00:00,5704,5713,5714,1216.43,1217.2,1217.97,1217.2,0.7699999999999818,0.4311999999999898,1217.2,5708,1217.2,5710,1215.88,5710,1207.75,1,1212.93,1214.0,0.3995732195251829,9,fvg_bullish,1213.4650000000001,1.0,1,sl_hit,1.233766233766322,-5.766233766233973
XAUUSD,LONG,1,2015-01-02 18:00:00+00:00,2015-01-02 19:00:00+00:00,2015-01-02 20:00:00+00:00,32494,32495,32496,1187.49,1195.04,1202.59,1195.04,7.5499999999999545,1.2511837121212077,1195.04,32476,1195.04,32494,1192.18,32494,1187.99,1,1174.39,1187.63,2.3359798361688764,1,fvg_bullish,1181.0100000000002,1.0,1,sl_hit,0.19867549668874293,-0.7019867549668857
XAUUSD,LONG,1,2015-01-14 16:00:00+00:00,2015-01-14 17:00:00+00:00,2015-01-14 18:00:00+00:00,32682,32683,32684,1238.43,1244.35,1250.2699999999998,1244.35,5.919999999999845,1.1554440262093695,1244.35,32666,1244.35,32682,1237.13,32682,1233.0,1,1232.73,1235.43,0.5335968379446753,1,fvg_bullish,1234.08,1.0,1,sl_hit,0.2601351351351358,-0.23479729729732032
XAUUSD,SHORT,-1,2015-01-19 17:00:00+00:00,2015-01-19 18:00:00+00:00,2015-01-19 19:00:00+00:00,32754,32755,32756,1276.05,1272.03,1268.01,1272.03,4.019999999999982,1.7090798663832025,1272.03,32737,1272.03,32754,1272.52,32754,1274.43,-1,1275.64,1275.84,0.09082062925713327,1,fvg_bearish,1275.74,1.0,1,sl_hit,0.10199004975120804,-0.37064676616915815
XAUUSD,LONG,1,2015-02-25 00:00:00+00:00,2015-02-25 20:00:00+00:00,2015-02-25 21:00:00+00:00,33372,33392,33393,1203.76,1211.89,1220.0200000000002,1211.89,8.13000000000011,3.02471432367793,1211.89,33372,1211.89,33380,1211.09,33380,1203.42,1,1201.09,1201.14,0.010086455331448817,20,fvg_bullish,1201.115,1.0,1,sl_hit,0.07872078720788332,-0.10701107011068625
XAUUSD,LONG,1,2015-02-27 17:00:00+00:00,2015-02-27 20:00:00+00:00,2015-02-27 21:00:00+00:00,33437,33440,33441,1213.96,1219.4,1224.8400000000001,1219.4,5.440000000000055,1.5195530726257032,1219.4,33420,1219.4,33437,1217.67,33437,1212.3,1,1210.77,1212.79,0.6695075757575659,3,fvg_bullish,1211.78,1.0,1,sl_hit,0.00551470588234787,-0.3161764705882371
XAUUSD,LONG,1,2015-05-04 17:00:00+00:00,2015-05-04 20:00:00+00:00,2015-05-04 21:00:00+00:00,34518,34521,34522,1188.19,1192.84,1197.4899999999998,1192.84,4.649999999999864,1.6385602819028142,1192.84,34501,1192.84,34518,1191.38,34518,1185.06,1,1187.64,1188.05,0.1458333333332828,3,fvg_bullish,1187.845,1.0,1,sl_hit,0.5376344086021663,-0.17204301075268344
XAUUSD,LONG,1,2015-05-25 19:00:00+00:00,2015-05-26 00:00:00+00:00,2015-05-26 01:00:00+00:00,34880,34881,34882,1187.14,1208.69,1230.24,1208.69,21.549999999999955,7.060613152352035,1208.69,34861,1208.69,34880,1207.19,34880,1205.91,1,1205.85,1206.74,0.577386468952813,1,fvg_bullish,1206.295,1.0,1,sl_hit,0.9262180974477889,0.9002320185614805
XAUUSD,LONG,1,2015-07-14 16:00:00+00:00,2015-07-14 17:00:00+00:00,2015-07-14 18:00:00+00:00,35731,35732,35733,1155.84,1159.84,1163.84,1159.84,4.0,1.7891373801916957,1159.84,35715,1159.84,35731,1157.22,35731,1157.16,1,1154.69,1155.79,0.511968085106342,1,fvg_bullish,1155.24,1.0,1,sl_hit,0.13249999999999318,-0.19999999999998863
XAUUSD,SHORT,-1,2015-07-15 17:00:00+00:00,2015-07-15 20:00:00+00:00,2015-07-15 21:00:00+00:00,35756,35759,35760,1148.84,1143.24,1137.64,1143.24,5.599999999999909,2.1735514277792727,1143.24,35739,1143.24,35757,1145.34,35757,1153.64,-1,1149.44,1150.81,0.6440564137004144,3,fvg_bearish,1150.125,1.0,1,sl_hit,0.2071428571428345,-0.07500000000001421
XAUUSD,LONG,1,2015-08-05 15:00:00+00:00,2015-08-05 16:00:00+00:00,2015-08-05 17:00:00+00:00,36114,36115,36116,1087.94,1092.6,1097.2599999999998,1092.6,4.6599999999998545,2.1958936385054826,1092.6,36099,1092.6,36114,1089.94,36114,1088.39,1,1087.39,1088.09,0.34925160370625347,1,fvg_bullish,1087.74,1.0,1,sl_hit,-0.21459227467811828,-1.0708154506438121
XAUUSD,LONG,1,2015-08-28 17:00:00+00:00,2015-08-28 18:00:00+00:00,2015-08-28 19:00:00+00:00,36524,36525,36526,1131.99,1140.82,1149.6499999999999,1140.82,8.829999999999927,2.0945442222974853,1140.82,36507,1140.82,36524,1136.41,36524,1132.99,1,1129.19,1134.7,1.3279394043725148,1,fvg_bullish,1131.9450000000002,1.0,1,sl_hit,0.3895809739524443,-0.054360135900342256
XAUUSD,SHORT,-1,2015-11-20 19:00:00+00:00,2015-11-20 20:00:00+00:00,2015-11-20 21:00:00+00:00,37960,37961,37962,1077.74,1075.85,1073.9599999999998,1075.85,1.8900000000001,0.5987780040733476,1075.85,37941,1075.85,37960,1078.1,37960,1079.59,-1,1078.3,1078.59,0.09252506836826481,1,fvg_bearish,1078.445,1.0,1,sl_hit,0.5291005291005011,-0.07936507936512328
XAUUSD,SHORT,-1,2015-12-09 18:00:00+00:00,2015-12-09 19:00:00+00:00,2015-12-09 20:00:00+00:00,38261,38262,38263,1077.33,1069.28,1061.23,1069.28,8.049999999999955,1.9278138898392017,1069.28,38243,1069.28,38261,1072.63,38261,1073.13,-1,1073.57,1080.03,1.6844850065189199,1,fvg_bearish,1076.8,1.0,1,sl_hit,0.41242236024844164,-0.11552795031056756
XAUUSD,LONG,1,2015-12-24 19:00:00+00:00,2015-12-24 20:00:00+00:00,2015-12-28 00:00:00+00:00,38524,38525,38526,1075.37,1076.85,1078.33,1076.85,1.4800000000000182,0.9539594843462452,1076.85,38505,1076.85,38524,1076.62,38524,1074.39,1,1075.5,1075.71,0.14093959731546132,1,fvg_bullish,1075.605,1.0,1,sl_hit,0.9932432432432494,-6.094594594594508
XAUUSD,LONG,1,2016-08-04 15:00:00+00:00,2016-08-05 15:00:00+00:00,2016-08-05 16:00:00+00:00,42151,42174,42175,1347.24,1364.63,1382.0200000000002,1364.63,17.3900000000001,5.462418667265044,1364.63,42167,1364.63,42168,1364.06,42168,1359.12,1,1353.6,1358.5,1.257561869844204,23,fvg_bullish,1356.05,1.0,1,sl_hit,0.0477285796434688,-0.4324324324324289
XAUUSD,LONG,1,2017-03-03 21:00:00+00:00,2017-03-06 17:00:00+00:00,2017-03-06 18:00:00+00:00,45549,45567,45568,1228.85,1236.82,1244.79,1236.82,7.970000000000027,3.937191249117816,1236.82,45551,1236.82,45552,1235.37,45552,1231.77,1,1227.57,1229.15,0.44293151782143053,18,fvg_bullish,1228.3600000000001,1.0,1,sl_hit,0.008782936010058152,-0.33626097866999083
XAUUSD,LONG,1,2017-05-30 05:00:00+00:00,2017-05-30 06:00:00+00:00,2017-05-30 07:00:00+00:00,46931,46932,46933,1268.01,1270.35,1272.6899999999998,1270.35,2.339999999999918,1.665480427046276,1270.35,46930,1270.35,46931,1270.21,46931,1267.87,1,1267.79,1269.25,1.138084632516773,1,fvg_bullish,1268.52,1.0,1,sl_hit,0.24786324786322544,-0.3290598290598328
XAUUSD,SHORT,-1,2018-03-09 03:00:00+00:00,2018-03-09 08:00:00+00:00,2018-03-09 09:00:00+00:00,51517,51522,51523,1319.04,1316.83,1314.62,1316.83,2.2100000000000364,1.15836765256459,1316.83,51517,1316.83,51518,1318.32,51518,1319.0,-1,1318.77,1320.13,0.5274238227147322,5,fvg_bearish,1319.45,1.0,1,sl_hit,0.43438914027150255,-0.06334841628963699
XAUUSD,SHORT,-1,2018-04-23 12:00:00+00:00,2018-04-24 16:00:00+00:00,2018-04-24 17:00:00+00:00,52215,52242,52243,1329.64,1322.06,1314.4799999999998,1322.06,7.580000000000155,2.8735445437314193,1322.06,52223,1322.06,52230,1326.29,52230,1331.77,-1,1329.43,1331.25,0.9126074498566992,27,fvg_bearish,1330.3400000000001,1.0,1,sl_hit,0.2691292875989643,-0.13984168865434352
XAUUSD,SHORT,-1,2018-05-18 12:00:00+00:00,2018-05-18 15:00:00+00:00,2018-05-18 16:00:00+00:00,52652,52655,52656,1287.35,1286.24,1285.13,1286.24,1.1099999999999,0.619123505976042,1286.24,52653,1286.24,52654,1288.65,52654,1287.77,-1,1288.84,1289.08,0.1541991739330029,3,fvg_bearish,1288.96,1.0,1,sl_hit,1.1711711711712358,-2.828828828829174
XAUUSD,LONG,1,2019-01-16 17:00:00+00:00,2019-01-16 21:00:00+00:00,2019-01-16 22:00:00+00:00,56556,56560,56561,1293.18,1294.94,1296.7,1294.94,1.759999999999991,0.9677926158680391,1294.94,56556,1294.94,56558,1293.79,56558,1292.69,1,1290.8,1292.24,0.8135593220339375,4,fvg_bullish,1291.52,1.0,1,sl_hit,0.3124999999999758,-0.39204545454548756
XAUUSD,LONG,1,2019-03-15 06:00:00+00:00,2019-03-15 07:00:00+00:00,2019-03-15 08:00:00+00:00,57498,57499,57500,1298.08,1303.15,1308.2200000000003,1303.15,5.070000000000164,2.765095442150476,1303.15,57479,1303.15,57480,1301.87,57480,1297.09,1,1296.29,1297.72,0.7152554483744569,1,fvg_bullish,1297.005,1.0,1,sl_hit,0.2110453648915442,-0.06903353057197194
XAUUSD,LONG,1,2019-09-18 18:00:00+00:00,2019-09-18 20:00:00+00:00,2019-09-18 21:00:00+00:00,60536,60538,60539,1508.09,1511.04,1513.99,1511.04,2.9500000000000455,1.0696710696710827,1511.04,60536,1511.04,60537,1508.47,60537,1507.06,1,1506.51,1507.06,0.24183417085425202,2,fvg_bullish,1506.7849999999999,1.0,1,sl_hit,0.07118644067797733,-8.430508474576104
XAUUSD,LONG,1,2019-12-03 16:00:00+00:00,2019-12-04 11:00:00+00:00,2019-12-04 12:00:00+00:00,61767,61785,61786,1474.34,1483.94,1493.5400000000002,1483.94,9.600000000000136,4.07396180660812,1483.94,61783,1483.94,61784,1482.46,61784,1465.37,1,1471.15,1473.69,0.8539865513928772,18,fvg_bullish,1472.42,1.0,1,sl_hit,0.3458333333333455,-0.06249999999998964
XAUUSD,LONG,1,2020-03-02 12:00:00+00:00,2020-03-02 13:00:00+00:00,2020-03-02 14:00:00+00:00,63163,63164,63165,1606.24,1629.13,1652.0200000000002,1629.13,22.8900000000001,2.6796554895894285,1629.13,63144,1629.13,63145,1615.75,63145,1606.5,1,1606.72,1607.09,0.0369366799771709,1,fvg_bullish,1606.905,1.0,1,sl_hit,0.03451288772389516,-0.4657055482743572
XAUUSD,LONG,1,2025-10-29 12:00:00+00:00,2025-10-29 14:00:00+00:00,2025-10-29 15:00:00+00:00,96574,96576,96577,4016.01,4029.58,4043.1499999999996,4029.58,13.569999999999709,0.619715553235895,4029.58,96574,4029.58,96575,4023.44,96575,3982.37,1,4001.36,4013.41,0.557556928975102,2,fvg_bullish,4007.385,1.0,1,sl_hit,1.0353721444362585,-0.17317612380253605
