period_type,date,pnl_usd,equity,peak,drawdown_usd,drawdown_pct
daily,2024-09-19 00:00:00+00:00,-90.0,-90.0,-90.0,0.0,0.0
daily,2024-09-24 00:00:00+00:00,221.3588208198987,131.3588208198987,131.3588208198987,0.0,0.0
daily,2024-09-25 00:00:00+00:00,-26.709502175892837,104.64931864400587,131.3588208198987,26.709502175892837,0.2033323838413049
daily,2024-10-01 00:00:00+00:00,439.23104563420657,543.8803642782125,543.8803642782125,0.0,0.0
daily,2024-10-10 00:00:00+00:00,-67.36933152106684,476.51103275714564,543.8803642782125,67.36933152106684,0.12386792380429686
daily,2024-10-11 00:00:00+00:00,626.3624302490074,1102.873463006153,1102.873463006153,0.0,0.0
daily,2024-10-15 00:00:00+00:00,76.23376623376512,1179.1072292399183,1179.1072292399183,0.0,0.0
daily,2024-10-16 00:00:00+00:00,-152.7713799507493,1026.335849289169,1179.1072292399183,152.7713799507494,0.1295652983564774
daily,2024-10-22 00:00:00+00:00,-54.7490510333195,971.5867982558494,1179.1072292399183,207.52043098406887,0.1759979294824964
daily,2024-10-23 00:00:00+00:00,174.90026019080628,1146.4870584466557,1179.1072292399183,32.62017079326256,0.027665143580105373
daily,2024-10-24 00:00:00+00:00,-45.34351145037753,1101.1435469962782,1179.1072292399183,77.96368224364005,0.06612094329529077
daily,2024-10-25 00:00:00+00:00,-90.0,1011.1435469962782,1179.1072292399183,167.96368224364005,0.14244987909362034
daily,2024-10-29 00:00:00+00:00,-24.776119402979695,986.3674275932985,1179.1072292399183,192.73980164661975,0.16346248828519575
daily,2024-10-30 00:00:00+00:00,30.0,1016.3674275932985,1179.1072292399183,162.73980164661975,0.13801950968575255
daily,2024-10-31 00:00:00+00:00,-49.436893666653475,966.930533926645,1179.1072292399183,212.17669531327329,0.1799469039385397
daily,2024-11-01 00:00:00+00:00,-49.62655601659941,917.3039779100457,1179.1072292399183,261.80325132987264,0.2220351506950199
daily,2024-11-05 00:00:00+00:00,35.63025210083606,952.9342300108817,1179.1072292399183,226.17299922903658,0.19181715930520865
daily,2024-11-06 00:00:00+00:00,-72.97761356226944,879.9566164486123,1179.1072292399183,299.150612791306,0.25370942130865054
daily,2024-11-07 00:00:00+00:00,-15.67044381490815,864.2861726337042,1179.1072292399183,314.82105660621414,0.2669995135295333
daily,2024-11-12 00:00:00+00:00,-90.0,774.2861726337042,1179.1072292399183,404.82105660621414,0.34332844932786294
daily,2024-11-13 00:00:00+00:00,147.37915407854635,921.6653267122505,1179.1072292399183,257.4419025276678,0.21833629388704642
daily,2024-11-14 00:00:00+00:00,321.69325074312894,1243.3585774553794,1243.3585774553794,0.0,0.0
daily,2024-11-19 00:00:00+00:00,-150.28771577258163,1093.0708616827978,1243.3585774553794,150.28771577258158,0.12087238428045105
daily,2024-11-20 00:00:00+00:00,179.63559190103234,1272.7064535838301,1272.7064535838301,0.0,0.0
daily,2024-11-21 00:00:00+00:00,-125.44776119403241,1147.2586923897977,1272.7064535838301,125.44776119403241,0.09856771044162028
daily,2024-11-22 00:00:00+00:00,-149.43286480957627,997.8258275802215,1272.7064535838301,274.88062600360865,0.21598116771512302
daily,2024-11-27 00:00:00+00:00,631.6269937418184,1629.4528213220399,1629.4528213220399,0.0,0.0
daily,2024-11-28 00:00:00+00:00,85.00533962621986,1714.4581609482598,1714.4581609482598,0.0,0.0
daily,2024-11-29 00:00:00+00:00,35.04648074369323,1749.504641691953,1749.504641691953,0.0,0.0
daily,2024-12-02 00:00:00+00:00,-90.0,1659.504641691953,1749.504641691953,90.0,0.0514431330190474
daily,2024-12-03 00:00:00+00:00,-270.0,1389.504641691953,1749.504641691953,360.0,0.2057725320761896
daily,2024-12-04 00:00:00+00:00,-248.31790123456688,1141.1867404573863,1749.504641691953,608.3179012345668,0.3477086523453062
daily,2024-12-05 00:00:00+00:00,-42.39600665557275,1098.7907338018135,1749.504641691953,650.7139078901396,0.37194180134374005
daily,2024-12-10 00:00:00+00:00,216.61259780946423,1315.4033316112777,1749.504641691953,434.1013100806754,0.24812812709136584
daily,2024-12-11 00:00:00+00:00,270.0,1585.4033316112777,1749.504641691953,164.10131008067538,0.09379872803422364
daily,2024-12-12 00:00:00+00:00,454.38172856983743,2039.785060181115,2039.785060181115,0.0,0.0
daily,2024-12-13 00:00:00+00:00,196.61201179071213,2236.3970719718272,2236.3970719718272,0.0,0.0
daily,2024-12-17 00:00:00+00:00,-54.861913937060464,2181.535158034767,2236.3970719718272,54.86191393706031,0.0245313833686469
daily,2024-12-18 00:00:00+00:00,146.58931462492856,2328.1244726596956,2328.1244726596956,0.0,0.0
daily,2024-12-19 00:00:00+00:00,180.11494252873504,2508.2394151884305,2508.2394151884305,0.0,0.0
daily,2024-12-20 00:00:00+00:00,233.9963614311696,2742.2357766196,2742.2357766196,0.0,0.0
daily,2024-12-24 00:00:00+00:00,-90.0,2652.2357766196,2742.2357766196,90.0,0.03281993502066569
daily,2024-12-27 00:00:00+00:00,132.08647114295258,2784.3222477625527,2784.3222477625527,0.0,0.0
daily,2024-12-31 00:00:00+00:00,154.14638783270138,2938.468635595254,2938.468635595254,0.0,0.0
daily,2025-01-03 00:00:00+00:00,-111.0604332953259,2827.4082022999282,2938.468635595254,111.06043329532577,0.03779534412924844
daily,2025-01-07 00:00:00+00:00,179.9764705882323,3007.3846728881604,3007.3846728881604,0.0,0.0
daily,2025-01-08 00:00:00+00:00,-133.4880998829521,2873.896573005208,3007.3846728881604,133.48809988295216,0.0443867726953453
daily,2025-01-09 00:00:00+00:00,197.15941542079673,3071.055988426005,3071.055988426005,0.0,0.0
daily,2025-01-14 00:00:00+00:00,-84.25554016620431,2986.8004482598008,3071.055988426005,84.25554016620436,0.027435364410072993
daily,2025-01-15 00:00:00+00:00,-31.25996810207426,2955.5404801577265,3071.055988426005,115.51550826827861,0.03761426320575916
daily,2025-01-16 00:00:00+00:00,28.047650562541868,2983.5881307202685,3071.055988426005,87.4678577057366,0.02848136212279416
daily,2025-01-17 00:00:00+00:00,-174.18426103646968,2809.403869683799,3071.055988426005,261.6521187422063,0.08519939712213118
daily,2025-01-21 00:00:00+00:00,170.08881363901676,2979.4926833228155,3071.055988426005,91.56330510318958,0.029814925370383143
daily,2025-01-23 00:00:00+00:00,-25.617402431218572,2953.875280891597,3071.055988426005,117.18070753440816,0.038156486881395564
daily,2025-01-24 00:00:00+00:00,-78.25978595514316,2875.6154949364536,3071.055988426005,195.4404934895515,0.06363950843817724
daily,2025-01-29 00:00:00+00:00,-319.3635193276226,2556.251975608831,3071.055988426005,514.8040128171742,0.16763094347915958
daily,2025-01-30 00:00:00+00:00,-270.0,2286.251975608831,3071.055988426005,784.8040128171742,0.25554858516904033
daily,2025-01-31 00:00:00+00:00,-180.0,2106.251975608831,3071.055988426005,964.8040128171742,0.31416034629562745
daily,2025-02-04 00:00:00+00:00,193.17681584739736,2299.4287914562283,3071.055988426005,771.6271969697768,0.2512579385976143
daily,2025-02-05 00:00:00+00:00,-16.218968809678838,2283.2098226465496,3071.055988426005,787.8461657794555,0.25653917373979457
daily,2025-02-06 00:00:00+00:00,270.0,2553.2098226465496,3071.055988426005,517.8461657794555,0.16862153204991387
daily,2025-02-07 00:00:00+00:00,-47.6078028747431,2505.6020197718067,3071.055988426005,565.4539686541984,0.1841236274380032
daily,2025-02-12 00:00:00+00:00,-90.0,2415.6020197718067,3071.055988426005,655.4539686541984,0.21342950800129679
daily,2025-02-13 00:00:00+00:00,30.0,2445.6020197718067,3071.055988426005,625.4539686541984,0.2036608811468656
daily,2025-02-14 00:00:00+00:00,80.60491493383819,2526.206934705645,3071.055988426005,544.8490537203602,0.17741423659280445
daily,2025-02-17 00:00:00+00:00,151.12871287128633,2677.3356475769315,3071.055988426005,393.72034084907364,0.12820356982513542
daily,2025-02-18 00:00:00+00:00,-90.0,2587.3356475769315,3071.055988426005,483.72034084907364,0.157509450388429
daily,2025-02-19 00:00:00+00:00,-150.51282051282027,2436.822827064111,3071.055988426005,634.233161361894,0.20651956973501961
daily,2025-02-20 00:00:00+00:00,67.84031524508147,2504.6631423091926,3071.055988426005,566.3928461168125,0.1844293455578136
daily,2025-02-25 00:00:00+00:00,-59.60851063830907,2445.0546316708837,3071.055988426005,626.0013567551214,0.20383912215028133
daily,2025-02-27 00:00:00+00:00,67.94896030245359,2513.0035919733373,3071.055988426005,558.0523964526678,0.18171352087224044
daily,2025-02-28 00:00:00+00:00,-30.0,2483.0035919733373,3071.055988426005,588.0523964526678,0.19148214772667163
daily,2025-03-03 00:00:00+00:00,-30.36058913153919,2452.643002841798,3071.055988426005,618.412985584207,0.20136818993689515
daily,2025-03-04 00:00:00+00:00,-84.38761776581656,2368.2553850759814,3071.055988426005,702.8006033500237,0.22884656157318287
daily,2025-03-05 00:00:00+00:00,-34.93014717313069,2333.325237902851,3071.055988426005,737.7307505231543,0.24022054736333875
daily,2025-03-06 00:00:00+00:00,13.08008213552681,2346.405320038378,3071.055988426005,724.6506683876273,0.23596139930976295
daily,2025-03-11 00:00:00+00:00,-60.0,2286.405320038378,3071.055988426005,784.6506683876273,0.25549865301862534
daily,2025-03-12 00:00:00+00:00,-120.0,2166.405320038378,3071.055988426005,904.6506683876273,0.29457316043635007
daily,2025-03-13 00:00:00+00:00,-0.7579694762738569,2165.647350562104,3071.055988426005,905.4086378639013,0.29481997113570907
daily,2025-03-14 00:00:00+00:00,-71.28139534883472,2094.365955213269,3071.055988426005,976.6900332127361,0.3180306828965742
daily,2025-03-18 00:00:00+00:00,-90.0,2004.365955213269,3071.055988426005,1066.6900332127361,0.3473365634598678
daily,2025-03-19 00:00:00+00:00,540.0,2544.365955213269,3071.055988426005,526.6900332127361,0.17150128008010634
daily,2025-03-20 00:00:00+00:00,270.0,2814.365955213269,3071.055988426005,256.6900332127361,0.08358363839022562
daily,2025-03-21 00:00:00+00:00,217.3023167208988,3031.668271934168,3071.055988426005,39.38771649183718,0.0128254635018961
daily,2025-03-25 00:00:00+00:00,-180.0,2851.668271934168,3071.055988426005,219.38771649183718,0.07143722462848325
daily,2025-03-27 00:00:00+00:00,-64.50018580453367,2787.168086129634,3071.055988426005,283.88790229637107,0.09243983286734896
daily,2025-03-28 00:00:00+00:00,-30.0,2757.168086129634,3071.055988426005,313.88790229637107,0.10220845972178015
daily,2025-03-31 00:00:00+00:00,-14.381551362678321,2742.786534766956,3071.055988426005,328.2694536590493,0.10689139335010815
daily,2025-04-01 00:00:00+00:00,-33.629171461451435,2709.1573633055045,3071.055988426005,361.8986251205006,0.11784175426446163
daily,2025-04-02 00:00:00+00:00,150.0,2859.1573633055045,3071.055988426005,211.89862512050058,0.06899861999230567
daily,2025-04-03 00:00:00+00:00,375.24547803617685,3234.4028413416813,3234.4028413416813,0.0,0.0
daily,2025-04-08 00:00:00+00:00,158.86328855636833,3393.2661298980497,3393.2661298980497,0.0,0.0
daily,2025-04-09 00:00:00+00:00,-90.0,3303.2661298980497,3393.2661298980497,90.0,0.02652311859862994
daily,2025-04-10 00:00:00+00:00,-360.0,2943.2661298980497,3393.2661298980497,450.0,0.1326155929931497
daily,2025-04-11 00:00:00+00:00,-65.67608917383073,2877.590040724219,3393.2661298980497,515.6760891738309,0.1519704230181687
daily,2025-04-15 00:00:00+00:00,-180.0,2697.590040724219,3393.2661298980497,695.6760891738309,0.2050166602154286
daily,2025-04-16 00:00:00+00:00,226.85641126650006,2924.4464519907187,3393.2661298980497,468.81967790733097,0.138161776872307
daily,2025-04-17 00:00:00+00:00,-90.0,2834.4464519907187,3393.2661298980497,558.819677907331,0.16468489547093693
daily,2025-04-18 00:00:00+00:00,-53.90243902438632,2780.5440129663325,3393.2661298980497,612.7221169317172,0.1805700152820393
daily,2025-04-22 00:00:00+00:00,64.92075557775497,2845.4647685440873,3393.2661298980497,547.8013613539624,0.16143778306313422
daily,2025-04-23 00:00:00+00:00,241.88450497910262,3087.34927352319,3393.2661298980497,305.9168563748599,0.09015410069944944
daily,2025-04-24 00:00:00+00:00,7.777777777781401,3095.1270513009713,3393.2661298980497,298.1390785970784,0.08786197933907293
daily,2025-04-25 00:00:00+00:00,-79.6738376127671,3015.4532136882044,3393.2661298980497,377.8129162098453,0.11134196427475514
daily,2025-04-30 00:00:00+00:00,60.0,3075.4532136882044,3393.2661298980497,317.8129162098453,0.09365988520900186
daily,2025-05-01 00:00:00+00:00,29.403899721449882,3104.857113409654,3393.2661298980497,288.40901648839554,0.08499451721373258
daily,2025-05-02 00:00:00+00:00,-32.95712441394249,3071.8999889957117,3393.2661298980497,321.366140902338,0.09470702520818589
daily,2025-05-06 00:00:00+00:00,-182.83546085033618,2889.0645281453753,3393.2661298980497,504.2016017526744,0.14858887645450405
daily,2025-05-07 00:00:00+00:00,0.0,2889.0645281453753,3393.2661298980497,504.2016017526744,0.14858887645450405
daily,2025-05-08 00:00:00+00:00,96.78671918965098,2985.8512473350265,3393.2661298980497,407.4148825630232,0.12006570276739947
daily,2025-05-09 00:00:00+00:00,176.86943620176493,3162.7206835367915,3393.2661298980497,230.5454463612582,0.0679420468468192
daily,2025-05-13 00:00:00+00:00,37.4190177638421,3200.1397013006335,3393.2661298980497,193.12642859741618,0.056914613002434514
daily,2025-05-14 00:00:00+00:00,71.03007037747597,3271.1697716781096,3393.2661298980497,122.09635821994016,0.03598195766142531
daily,2025-05-15 00:00:00+00:00,246.42971359455953,3517.599485272669,3517.599485272669,0.0,0.0
daily,2025-05-16 00:00:00+00:00,412.45803188874163,3930.0575171614105,3930.0575171614105,0.0,0.0
daily,2025-05-20 00:00:00+00:00,207.13147410358775,4137.188991264999,4137.188991264999,0.0,0.0
daily,2025-05-22 00:00:00+00:00,-90.0,4047.1889912649985,4137.188991264999,90.0,0.02175390106422993
daily,2025-05-27 00:00:00+00:00,-90.0,3957.1889912649985,4137.188991264999,180.0,0.04350780212845986
daily,2025-05-28 00:00:00+00:00,-115.5012277143155,3841.687763550683,4137.188991264999,295.5012277143155,0.07142560524506332
daily,2025-05-30 00:00:00+00:00,-90.0,3751.687763550683,4137.188991264999,385.5012277143155,0.09317950630929325
daily,2025-06-03 00:00:00+00:00,13.033707865166868,3764.72147141585,4137.188991264999,372.46751984914863,0.09002912862708308
daily,2025-06-05 00:00:00+00:00,-179.40136983118842,3585.3201015846616,4137.188991264999,551.8688896803369,0.13339223585036078
daily,2025-06-06 00:00:00+00:00,243.15110466054762,3828.471206245209,4137.188991264999,308.7177850197895,0.07462017946765229
daily,2025-06-10 00:00:00+00:00,-90.0,3738.471206245209,4137.188991264999,398.7177850197895,0.09637408053188222
daily,2025-06-12 00:00:00+00:00,381.9718792866935,4120.443085531902,4137.188991264999,16.74590573309615,0.004047653072763272
daily,2025-06-17 00:00:00+00:00,180.0,4300.443085531902,4300.443085531902,0.0,0.0
daily,2025-06-25 00:00:00+00:00,90.0,4390.443085531902,4390.443085531902,0.0,0.0
daily,2025-06-26 00:00:00+00:00,-21.28547579298375,4369.157609738919,4390.443085531902,21.28547579298356,0.004848138417538517
daily,2025-06-27 00:00:00+00:00,48.40675284614492,4417.5643625850635,4417.5643625850635,0.0,0.0
daily,2025-07-01 00:00:00+00:00,201.56862745098118,4619.132990036044,4619.132990036044,0.0,0.0
daily,2025-07-02 00:00:00+00:00,-90.0,4529.132990036044,4619.132990036044,90.0,0.019484175968550694
daily,2025-07-04 00:00:00+00:00,-90.0,4439.132990036044,4619.132990036044,180.0,0.03896835193710139
daily,2025-07-08 00:00:00+00:00,261.3228894691028,4700.455879505147,4700.455879505147,0.0,0.0
daily,2025-07-11 00:00:00+00:00,324.8878440987922,5025.343723603939,5025.343723603939,0.0,0.0
daily,2025-07-15 00:00:00+00:00,668.8325409403155,5694.176264544254,5694.176264544254,0.0,0.0
daily,2025-07-16 00:00:00+00:00,29.915682967958446,5724.091947512213,5724.091947512213,0.0,0.0
daily,2025-07-17 00:00:00+00:00,64.27883723327261,5788.370784745485,5788.370784745485,0.0,0.0
daily,2025-07-18 00:00:00+00:00,162.11538767493553,5950.486172420421,5950.486172420421,0.0,0.0
daily,2025-07-23 00:00:00+00:00,211.41334730959713,6161.899519730018,6161.899519730018,0.0,0.0
daily,2025-07-24 00:00:00+00:00,138.76003380446434,6300.659553534482,6300.659553534482,0.0,0.0
daily,2025-07-25 00:00:00+00:00,305.7996030768382,6606.45915661132,6606.45915661132,0.0,0.0
daily,2025-07-31 00:00:00+00:00,116.55883388670836,6723.017990498029,6723.017990498029,0.0,0.0
daily,2025-08-01 00:00:00+00:00,-90.0,6633.017990498029,6723.017990498029,90.0,0.013386845034060808
daily,2025-08-05 00:00:00+00:00,-1.8649929550439488,6631.152997542985,6723.017990498029,91.86499295504382,0.013664249163825104
daily,2025-08-06 00:00:00+00:00,118.12499999999956,6749.277997542985,6749.277997542985,0.0,0.0
daily,2025-08-07 00:00:00+00:00,345.9080346999844,7095.186032242969,7095.186032242969,0.0,0.0
daily,2025-08-08 00:00:00+00:00,-237.08653026429064,6858.099501978679,7095.186032242969,237.08653026429056,0.033415125295783325
daily,2025-08-12 00:00:00+00:00,-45.940594059402095,6812.158907919276,7095.186032242969,283.027124323693,0.039890021634037535
daily,2025-08-13 00:00:00+00:00,-150.0,6662.158907919276,7095.186032242969,433.027124323693,0.061031116359157964
daily,2025-08-14 00:00:00+00:00,-39.8514578585208,6622.307450060755,7095.186032242969,472.8785821822139,0.06664780599596554
daily,2025-08-15 00:00:00+00:00,173.1949114039099,6795.502361464665,7095.186032242969,299.6836707783041,0.042237605809972885
daily,2025-08-20 00:00:00+00:00,-90.0,6705.502361464665,7095.186032242969,389.6836707783041,0.05492226264504514
daily,2025-08-21 00:00:00+00:00,-110.61929337038548,6594.88306809428,7095.186032242969,500.30296414868917,0.07051301570883979
daily,2025-08-22 00:00:00+00:00,-287.3717567835212,6307.511311310759,7095.186032242969,787.6747209322102,0.11101537258540438
daily,2025-08-26 00:00:00+00:00,42.95763663980302,6350.468947950562,7095.186032242969,744.717084292407,0.10496089614960849
daily,2025-08-27 00:00:00+00:00,384.5030172946672,6734.9719652452295,7095.186032242969,360.2140669977398,0.05076879807813396
daily,2025-08-28 00:00:00+00:00,-221.9612794612753,6513.010685783955,7095.186032242969,582.1753464590147,0.08205216097413223
daily,2025-08-29 00:00:00+00:00,174.00239092542625,6687.013076709381,7095.186032242969,408.1729555335887,0.057528154114453126
daily,2025-09-02 00:00:00+00:00,208.47844838852956,6895.49152509791,7095.186032242969,199.6945071450591,0.028145069944266222
daily,2025-09-03 00:00:00+00:00,574.6244365152415,7470.115961613152,7470.115961613152,0.0,0.0
daily,2025-09-04 00:00:00+00:00,-135.34562211981793,7334.770339493334,7470.115961613152,135.34562211981756,0.018118275916374132
daily,2025-09-05 00:00:00+00:00,-60.0,7274.770339493334,7470.115961613152,195.34562211981756,0.026150279744470418
daily,2025-09-09 00:00:00+00:00,-74.26452410383908,7200.505815389495,7470.115961613152,269.61014622365656,0.03609182877603348
daily,2025-09-10 00:00:00+00:00,-61.5458937197995,7138.959921669696,7470.115961613152,331.15603994345565,0.0443307763420507
daily,2025-09-11 00:00:00+00:00,-4.956933677862153,7134.002987991834,7470.115961613152,336.1129736213179,0.04499434484665419
daily,2025-09-12 00:00:00+00:00,-90.0,7044.002987991834,7470.115961613152,426.1129736213179,0.05704235058879861
daily,2025-09-15 00:00:00+00:00,-23.30942622951494,7020.6935617623185,7470.115961613152,449.42239985083324,0.0601627072672352
daily,2025-09-17 00:00:00+00:00,78.09174311926472,7098.785304881583,7470.115961613152,371.3306567315685,0.049708820939291104
daily,2025-09-18 00:00:00+00:00,-165.5199476782225,6933.2653572033605,7470.115961613152,536.8506044097912,0.07186643516225413
daily,2025-09-19 00:00:00+00:00,-178.78378378378076,6754.48157341958,7470.115961613152,715.6343881935718,0.0957996357581352
daily,2025-09-23 00:00:00+00:00,30.0,6784.48157341958,7470.115961613152,685.6343881935718,0.09178363384408705
daily,2025-09-24 00:00:00+00:00,260.7797093928375,7045.261282812417,7470.115961613152,424.8546788007343,0.056873906775201925
daily,2025-09-25 00:00:00+00:00,849.5252164155438,7894.786499227961,7894.786499227961,0.0,0.0
daily,2025-09-26 00:00:00+00:00,177.5000000000003,8072.286499227961,8072.286499227961,0.0,0.0
daily,2025-09-30 00:00:00+00:00,204.58702064896374,8276.873519876925,8276.873519876925,0.0,0.0
daily,2025-10-01 00:00:00+00:00,137.02470741222402,8413.898227289148,8413.898227289148,0.0,0.0
daily,2025-10-02 00:00:00+00:00,38.06818181818342,8451.966409107332,8451.966409107332,0.0,0.0
daily,2025-10-03 00:00:00+00:00,-90.0,8361.966409107332,8451.966409107332,90.0,0.010648409570466514
daily,2025-10-07 00:00:00+00:00,696.454532393653,9058.420941500985,9058.420941500985,0.0,0.0
daily,2025-10-09 00:00:00+00:00,16.506824338281888,9074.927765839266,9074.927765839266,0.0,0.0
daily,2025-10-10 00:00:00+00:00,-180.0,8894.927765839266,9074.927765839266,180.0,0.01983486862315022
daily,2025-10-14 00:00:00+00:00,-270.0,8624.927765839266,9074.927765839266,450.0,0.04958717155787556
daily,2025-10-17 00:00:00+00:00,171.96765584291887,8796.895421682184,9074.927765839266,278.03234415708175,0.03063741677412336
daily,2025-10-21 00:00:00+00:00,159.9317406143395,8956.827162296524,9074.927765839266,118.10060354274174,0.013013944197694622
daily,2025-10-22 00:00:00+00:00,-90.0,8866.827162296524,9074.927765839266,208.10060354274174,0.022931378509269733
daily,2025-10-23 00:00:00+00:00,-101.48989898990612,8765.337263306617,9074.927765839266,309.5905025326483,0.034114927470611865
daily,2025-10-24 00:00:00+00:00,-80.33161622666017,8685.005647079957,9074.927765839266,389.92211875930843,0.04296696666028479
daily,2025-10-28 00:00:00+00:00,42.479488970628594,8727.485136050585,9074.927765839266,347.4426297886803,0.03828599397744607
daily,2025-10-29 00:00:00+00:00,300.0,9027.485136050585,9074.927765839266,47.44262978868028,0.005227879605529036
daily,2025-10-30 00:00:00+00:00,342.0500926371063,9369.535228687691,9369.535228687691,0.0,0.0
daily,2025-10-31 00:00:00+00:00,12.536550032191759,9382.071778719883,9382.071778719883,0.0,0.0
daily,2025-11-05 00:00:00+00:00,-15.771230502597772,9366.300548217285,9382.071778719883,15.771230502597973,0.00168099657245959
daily,2025-11-06 00:00:00+00:00,-30.0,9336.300548217285,9382.071778719883,45.77123050259797,0.004878584558094602
daily,2025-11-07 00:00:00+00:00,-240.0,9096.300548217285,9382.071778719883,285.771230502598,0.030459288443174696
daily,2025-11-11 00:00:00+00:00,210.44843129859422,9306.74897951588,9382.071778719883,75.32279920400288,0.0080283759259706
daily,2025-11-13 00:00:00+00:00,222.326639702765,9529.075619218645,9529.075619218645,0.0,0.0
daily,2025-11-19 00:00:00+00:00,92.18282159465214,9621.258440813297,9621.258440813297,0.0,0.0
daily,2025-11-20 00:00:00+00:00,-90.0,9531.258440813297,9621.258440813297,90.0,0.009354285674129775
daily,2025-11-21 00:00:00+00:00,-90.0,9441.258440813297,9621.258440813297,180.0,0.01870857134825955
daily,2025-11-26 00:00:00+00:00,-244.58776595744294,9196.670674855854,9621.258440813297,424.5877659574435,0.044130169516738656
daily,2025-11-27 00:00:00+00:00,-44.45427728613409,9152.21639756972,9621.258440813297,469.0420432435767,0.04875059184086609
daily,2025-11-28 00:00:00+00:00,-90.0,9062.21639756972,9621.258440813297,559.0420432435767,0.058104877514995865
daily,2025-12-03 00:00:00+00:00,390.0,9452.21639756972,9621.258440813297,169.0420432435767,0.01756963959376684
daily,2025-12-04 00:00:00+00:00,-98.87323943661755,9353.343158133102,9621.258440813297,267.91528268019465,0.027846178785064155
daily,2025-12-05 00:00:00+00:00,-4.981690813566999,9348.361467319535,9621.258440813297,272.89697349376183,0.02836395832962299
daily,2025-12-09 00:00:00+00:00,60.39907730476329,9408.760544624298,9621.258440813297,212.49789618899922,0.02208628917892746
daily,2025-12-10 00:00:00+00:00,-302.0037278658041,9106.756816758494,9621.258440813297,514.501624054803,0.053475501902359404
daily,2025-12-11 00:00:00+00:00,1128.4727008086406,10235.229517567135,10235.229517567135,0.0,0.0
daily,2025-12-12 00:00:00+00:00,-25.204590862630425,10210.024926704506,10235.229517567135,25.20459086262963,0.0024625330403553703
daily,2025-12-16 00:00:00+00:00,79.73053892215324,10289.755465626658,10289.755465626658,0.0,0.0
daily,2025-12-17 00:00:00+00:00,-2.3413379073790286,10287.41412771928,10289.755465626658,2.3413379073790566,0.00022754067530568535
daily,2025-12-18 00:00:00+00:00,217.70538243626788,10505.119510155548,10505.119510155548,0.0,0.0
daily,2025-12-19 00:00:00+00:00,-90.0,10415.119510155548,10505.119510155548,90.0,0.008567251416130475
daily,2025-12-23 00:00:00+00:00,-79.57627118643933,10335.543238969109,10505.119510155548,169.57627118643904,0.016142250549601615
daily,2025-12-24 00:00:00+00:00,90.0,10425.543238969109,10505.119510155548,79.57627118643904,0.00757499913347114
daily,2025-12-26 00:00:00+00:00,-16.695179631678833,10408.84805933743,10505.119510155548,96.27145081811796,0.009164241370605071
daily,2025-12-30 00:00:00+00:00,-131.73913043478393,10277.108928902646,10505.119510155548,228.01058125290183,0.02170471083479618
daily,2025-12-31 00:00:00+00:00,-90.0,10187.108928902646,10505.119510155548,318.01058125290183,0.030271962250926654
daily,2026-01-06 00:00:00+00:00,35.256246722529255,10222.365175625175,10505.119510155548,282.75433453037294,0.02691586081024853
daily,2026-01-07 00:00:00+00:00,9.018691588789267,10231.383867213965,10505.119510155548,273.73564294158314,0.026057356384851824
daily,2026-01-08 00:00:00+00:00,-4.903017241368024,10226.480849972597,10505.119510155548,278.63866018295084,0.02652408284490093
daily,2026-01-09 00:00:00+00:00,-180.0,10046.480849972597,10505.119510155548,458.63866018295084,0.04365858567716188
daily,2026-01-14 00:00:00+00:00,-150.0,9896.480849972597,10505.119510155548,608.6386601829508,0.05793733803737934
daily,2026-01-15 00:00:00+00:00,183.67861231967134,10080.159462292268,10505.119510155548,424.9600478632801,0.040452661909506235
daily,2026-01-16 00:00:00+00:00,-8.580060422959598,10071.579401869309,10505.119510155548,433.54010828623905,0.04126941229627379
daily,2026-01-21 00:00:00+00:00,-145.18202904396753,9926.39737282534,10505.119510155548,578.7221373302073,0.05508953389542526
daily,2026-01-22 00:00:00+00:00,277.2675776594939,10203.664950484834,10505.119510155548,301.45455967071393,0.028695966702643474
daily,2026-01-26 00:00:00+00:00,270.0,10473.664950484834,10505.119510155548,31.454559670713934,0.00299421245425205
daily,2026-01-27 00:00:00+00:00,117.06310679611985,10590.728057280954,10590.728057280954,0.0,0.0
daily,2026-01-28 00:00:00+00:00,93.6220084698474,10684.350065750801,10684.350065750801,0.0,0.0
daily,2026-01-29 00:00:00+00:00,-103.80880121395953,10580.541264536841,10684.350065750801,103.80880121395967,0.009715967801047982
daily,2026-01-30 00:00:00+00:00,94.32199392840019,10674.863258465242,10684.350065750801,9.486807285558825,0.0008879161790073917
daily,2026-02-03 00:00:00+00:00,-149.15331807780439,10525.709940387438,10684.350065750801,158.64012536336304,0.014847896632654484
daily,2026-02-04 00:00:00+00:00,90.54155001882569,10616.251490406265,10684.350065750801,68.09857534453658,0.006373675041108008
daily,2026-02-05 00:00:00+00:00,-5.1257463361675075,10611.125744070097,10684.350065750801,73.22432168070372,0.006853418432575306
daily,2026-02-06 00:00:00+00:00,176.05412684168567,10787.179870911783,10787.179870911783,0.0,0.0
daily,2026-02-10 00:00:00+00:00,-60.0,10727.179870911783,10787.179870911783,60.0,0.00556215810971997
daily,2026-02-11 00:00:00+00:00,269.06250916451006,10996.242380076294,10996.242380076294,0.0,0.0
daily,2026-02-13 00:00:00+00:00,97.72090387638882,11093.963283952682,11093.963283952682,0.0,0.0
daily,2026-02-16 00:00:00+00:00,-60.0,11033.963283952682,11093.963283952682,60.0,0.005408346725537614
daily,2026-02-17 00:00:00+00:00,237.7172934831134,11271.680577435796,11271.680577435796,0.0,0.0
daily,2026-02-18 00:00:00+00:00,267.73091741960656,11539.411494855403,11539.411494855403,0.0,0.0
daily,2026-02-19 00:00:00+00:00,47.72216323027776,11587.13365808568,11587.13365808568,0.0,0.0
daily,2026-02-24 00:00:00+00:00,-270.0,11317.13365808568,11587.13365808568,270.0,0.023301707563508585
daily,2026-02-25 00:00:00+00:00,170.10044508600893,11487.23410317169,11587.13365808568,99.89955491399087,0.008621593386409193
daily,2026-02-26 00:00:00+00:00,-21.928251121076407,11465.305852050613,11587.13365808568,121.82780603506762,0.010514058923455527
daily,2026-02-27 00:00:00+00:00,247.25283123981924,11712.558683290432,11712.558683290432,0.0,0.0
daily,2026-03-03 00:00:00+00:00,-90.0,11622.558683290432,11712.558683290432,90.0,0.007684059686155282
daily,2026-03-04 00:00:00+00:00,-135.73138297872256,11486.82730031171,11712.558683290432,225.73138297872174,0.019272593553854158
daily,2026-03-05 00:00:00+00:00,-73.004261601959,11413.823038709752,11712.558683290432,298.73564458067995,0.025505583592666838
daily,2026-03-11 00:00:00+00:00,189.16666666665424,11602.989705376407,11712.558683290432,109.5689779140248,0.009354828511582182
daily,2026-03-12 00:00:00+00:00,6.076328261411035,11609.066033637819,11712.558683290432,103.49264965261318,0.008836041077878193
daily,2026-03-13 00:00:00+00:00,477.37504048364326,12086.441074121461,12086.441074121461,0.0,0.0
daily,2026-03-17 00:00:00+00:00,-180.0,11906.441074121461,12086.441074121461,180.0,0.014892721430248137
daily,2026-03-18 00:00:00+00:00,-172.8049408131755,11733.636133308286,12086.441074121461,352.80494081317556,0.02919014279303225
daily,2026-03-19 00:00:00+00:00,559.8827066267752,12293.51883993506,12293.51883993506,0.0,0.0
daily,2026-03-20 00:00:00+00:00,-32.56498283472115,12260.95385710034,12293.51883993506,32.56498283472138,0.0026489553771158816
daily,2026-03-24 00:00:00+00:00,-65.59882992060213,12195.355027179738,12293.51883993506,98.1638127553233,0.007985005272570261
daily,2026-03-25 00:00:00+00:00,88.33821376281357,12283.693240942552,12293.51883993506,9.825598992509185,0.0007992503302301921
daily,2026-03-26 00:00:00+00:00,103.2794094549995,12386.97265039755,12386.97265039755,0.0,0.0
daily,2026-03-27 00:00:00+00:00,234.2711294447796,12621.24377984233,12621.24377984233,0.0,0.0
daily,2026-03-31 00:00:00+00:00,197.15049432442325,12818.394274166754,12818.394274166754,0.0,0.0
daily,2026-04-01 00:00:00+00:00,46.51898734177145,12864.913261508525,12864.913261508525,0.0,0.0
daily,2026-04-08 00:00:00+00:00,-90.0,12774.913261508525,12864.913261508525,90.0,0.006995772001765265
daily,2026-04-09 00:00:00+00:00,68.9808539705039,12843.89411547903,12864.913261508525,21.01914602949546,0.0016338350366017764
daily,2026-04-10 00:00:00+00:00,-113.13931297710651,12730.754802501924,12864.913261508525,134.15845900660133,0.010428244347981718
daily,2026-04-14 00:00:00+00:00,-188.39166282419131,12542.363139677733,12864.913261508525,322.5501218307927,0.025072079016331496
daily,2026-04-15 00:00:00+00:00,-30.880866426006598,12511.482273251726,12864.913261508525,353.43098825679954,0.02747247346892385
daily,2026-04-21 00:00:00+00:00,450.0,12961.482273251726,12961.482273251726,0.0,0.0
daily,2026-04-22 00:00:00+00:00,-274.33210909722015,12687.150164154506,12961.482273251726,274.3321090972204,0.02116518028677572
daily,2026-04-23 00:00:00+00:00,-90.0,12597.150164154506,12961.482273251726,364.3321090972204,0.0281088305655506
daily,2026-04-24 00:00:00+00:00,170.9607416446563,12768.110905799162,12961.482273251726,193.3713674525643,0.014918923883545307
daily,2026-04-28 00:00:00+00:00,441.90422984277416,13210.015135641936,13210.015135641936,0.0,0.0
daily,2026-04-29 00:00:00+00:00,-150.0,13060.015135641936,13210.015135641936,150.0,0.011355021054842327
daily,2026-04-30 00:00:00+00:00,-165.8352144469499,12894.179921194986,13210.015135641936,315.83521444695,0.02390877006603839
daily,2026-05-01 00:00:00+00:00,42.79264214046691,12936.972563335452,13210.015135641936,273.04257230648363,0.020669361049389535
daily,2026-05-05 00:00:00+00:00,-72.827216516506,12864.145346818947,13210.015135641936,345.869788822989,0.026182391562126064
daily,2026-05-06 00:00:00+00:00,15.768953068592829,12879.91429988754,13210.015135641936,330.10083575439603,0.024988679601414772
daily,2026-05-07 00:00:00+00:00,62.69685039369284,12942.611150281233,13210.015135641936,267.4039853607028,0.0202425192261302
daily,2026-05-08 00:00:00+00:00,21.09982520659853,12963.710975487831,13210.015135641936,246.30416015410447,0.01864525949630075
daily,2026-05-12 00:00:00+00:00,292.9074636491466,13256.618439136977,13256.618439136977,0.0,0.0
daily,2026-05-13 00:00:00+00:00,-270.0,12986.618439136977,13256.618439136977,270.0,0.02036718498307909
daily,2026-05-14 00:00:00+00:00,597.1147748161883,13583.733213953165,13583.733213953165,0.0,0.0
daily,2026-05-15 00:00:00+00:00,30.0,13613.733213953165,13613.733213953165,0.0,0.0
daily,2026-05-19 00:00:00+00:00,91.01270146214783,13704.745915415313,13704.745915415313,0.0,0.0
daily,2026-05-21 00:00:00+00:00,34.564917127074345,13739.310832542387,13739.310832542387,0.0,0.0
daily,2026-05-22 00:00:00+00:00,-180.0,13559.310832542387,13739.310832542387,180.0,0.013101093802584271
daily,2026-05-26 00:00:00+00:00,299.1705812542645,13858.481413796651,13858.481413796651,0.0,0.0
daily,2026-05-27 00:00:00+00:00,-142.7572789169675,13715.724134879683,13858.481413796651,142.75727891696806,0.010301076622641186
daily,2026-05-28 00:00:00+00:00,549.5775920795636,14265.301726959247,14265.301726959247,0.0,0.0
daily,2026-05-29 00:00:00+00:00,-119.80152426795571,14145.500202691292,14265.301726959247,119.80152426795576,0.00839810657783348
weekly,2024-09-22 00:00:00+00:00,-90.0,-90.0,-90.0,0.0,0.0
weekly,2024-09-29 00:00:00+00:00,194.64931864400586,104.64931864400586,104.64931864400586,0.0,0.0
weekly,2024-10-06 00:00:00+00:00,439.23104563420657,543.8803642782125,543.8803642782125,0.0,0.0
weekly,2024-10-13 00:00:00+00:00,558.9930987279406,1102.873463006153,1102.873463006153,0.0,0.0
weekly,2024-10-20 00:00:00+00:00,-76.53761371698417,1026.335849289169,1102.873463006153,76.5376137169842,0.06939836371469316
weekly,2024-10-27 00:00:00+00:00,-15.192302292890759,1011.1435469962781,1102.873463006153,91.72991600987496,0.08317356350187491
weekly,2024-11-03 00:00:00+00:00,-93.83956908623259,917.3039779100455,1102.873463006153,185.56948509610754,0.16825999656415
weekly,2024-11-10 00:00:00+00:00,-53.017805276341534,864.286172633704,1102.873463006153,238.58729037244905,0.216332424684624
weekly,2024-11-17 00:00:00+00:00,379.07240482167526,1243.3585774553794,1243.3585774553794,0.0,0.0
weekly,2024-11-24 00:00:00+00:00,-245.53274987515798,997.8258275802215,1243.3585774553794,245.53274987515795,0.19747541403354288
weekly,2024-12-01 00:00:00+00:00,751.6788141117315,1749.504641691953,1749.504641691953,0.0,0.0
weekly,2024-12-08 00:00:00+00:00,-650.7139078901396,1098.7907338018135,1749.504641691953,650.7139078901396,0.37194180134374005
weekly,2024-12-15 00:00:00+00:00,1137.6063381700137,2236.3970719718272,2236.3970719718272,0.0,0.0
weekly,2024-12-22 00:00:00+00:00,505.8387046477727,2742.2357766196,2742.2357766196,0.0,0.0
weekly,2024-12-29 00:00:00+00:00,42.086471142952576,2784.3222477625527,2784.3222477625527,0.0,0.0
weekly,2025-01-05 00:00:00+00:00,43.085954537375486,2827.4082022999282,2827.4082022999282,0.0,0.0
weekly,2025-01-12 00:00:00+00:00,243.64778612607694,3071.055988426005,3071.055988426005,0.0,0.0
weekly,2025-01-19 00:00:00+00:00,-261.65211874220637,2809.403869683799,3071.055988426005,261.6521187422063,0.08519939712213118
weekly,2025-01-26 00:00:00+00:00,66.21162525265504,2875.6154949364536,3071.055988426005,195.4404934895515,0.06363950843817724
weekly,2025-02-02 00:00:00+00:00,-769.3635193276226,2106.251975608831,3071.055988426005,964.8040128171742,0.31416034629562745
weekly,2025-02-09 00:00:00+00:00,399.35004416297545,2505.602019771806,3071.055988426005,565.4539686541989,0.18412362743800334
weekly,2025-02-16 00:00:00+00:00,20.604914933838188,2526.2069347056445,3071.055988426005,544.8490537203606,0.1774142365928046
weekly,2025-02-23 00:00:00+00:00,-21.543792396452474,2504.663142309192,3071.055988426005,566.392846116813,0.18442934555781376
weekly,2025-03-02 00:00:00+00:00,-21.659550335855485,2483.003591973337,3071.055988426005,588.0523964526683,0.19148214772667177
weekly,2025-03-09 00:00:00+00:00,-136.59827193495963,2346.4053200383773,3071.055988426005,724.6506683876278,0.2359613993097631
weekly,2025-03-16 00:00:00+00:00,-252.03936482510858,2094.3659552132685,3071.055988426005,976.6900332127366,0.3180306828965744
weekly,2025-03-23 00:00:00+00:00,937.3023167208988,3031.6682719341675,3071.055988426005,39.38771649183764,0.012825463501896249
weekly,2025-03-30 00:00:00+00:00,-274.50018580453366,2757.1680861296336,3071.055988426005,313.8879022963715,0.1022084597217803
weekly,2025-04-06 00:00:00+00:00,477.2347552120471,3234.402841341681,3234.402841341681,0.0,0.0
weekly,2025-04-13 00:00:00+00:00,-356.8128006174624,2877.5900407242184,3234.402841341681,356.81280061746247,0.11031798391243403
weekly,2025-04-20 00:00:00+00:00,-97.04602775788626,2780.544012966332,3234.402841341681,453.8588283753488,0.14032229460541812
weekly,2025-04-27 00:00:00+00:00,234.90920072187185,3015.453213688204,3234.402841341681,218.9496276534769,0.06769398816217129
weekly,2025-05-04 00:00:00+00:00,56.446775307507394,3071.8999889957113,3234.402841341681,162.5028523459696,0.050241995297827795
weekly,2025-05-11 00:00:00+00:00,90.82069454107973,3162.720683536791,3234.402841341681,71.68215780488981,0.022162408741625683
weekly,2025-05-18 00:00:00+00:00,767.3368336246192,3930.05751716141,3930.05751716141,0.0,0.0
weekly,2025-05-25 00:00:00+00:00,117.13147410358775,4047.1889912649976,4047.1889912649976,0.0,0.0
weekly,2025-06-01 00:00:00+00:00,-295.5012277143155,3751.687763550682,4047.1889912649976,295.5012277143155,0.07301394334489753
weekly,2025-06-08 00:00:00+00:00,76.78344269452606,3828.471206245208,4047.1889912649976,218.71778501978952,0.05404190056156153
weekly,2025-06-15 00:00:00+00:00,291.9718792866935,4120.4430855319015,4120.4430855319015,0.0,0.0
weekly,2025-06-22 00:00:00+00:00,180.0,4300.4430855319015,4300.4430855319015,0.0,0.0
weekly,2025-06-29 00:00:00+00:00,117.12127705316117,4417.564362585063,4417.564362585063,0.0,0.0
weekly,2025-07-06 00:00:00+00:00,21.568627450981182,4439.132990036043,4439.132990036043,0.0,0.0
weekly,2025-07-13 00:00:00+00:00,586.210733567895,5025.343723603938,5025.343723603938,0.0,0.0
weekly,2025-07-20 00:00:00+00:00,925.1424488164821,5950.48617242042,5950.48617242042,0.0,0.0
weekly,2025-07-27 00:00:00+00:00,655.9729841908996,6606.4591566113195,6606.4591566113195,0.0,0.0
weekly,2025-08-03 00:00:00+00:00,26.558833886708356,6633.017990498028,6633.017990498028,0.0,0.0
weekly,2025-08-10 00:00:00+00:00,225.08151148064937,6858.099501978677,6858.099501978677,0.0,0.0
weekly,2025-08-17 00:00:00+00:00,-62.59714051401298,6795.502361464664,6858.099501978677,62.59714051401261,0.009127476277641098
weekly,2025-08-24 00:00:00+00:00,-487.9910501539067,6307.511311310757,6858.099501978677,550.5881906679197,0.0802829108135666
weekly,2025-08-31 00:00:00+00:00,379.50176539862116,6687.013076709379,6858.099501978677,171.08642526929816,0.024946623364087508
weekly,2025-09-07 00:00:00+00:00,587.7572627839533,7274.770339493332,7274.770339493332,0.0,0.0
weekly,2025-09-14 00:00:00+00:00,-230.76735150150074,7044.002987991832,7274.770339493332,230.76735150150034,0.031721599546408866
weekly,2025-09-21 00:00:00+00:00,-289.5214145722535,6754.481573419578,7274.770339493332,520.2887660737542,0.07151961392502061
weekly,2025-09-28 00:00:00+00:00,1317.8049258083815,8072.286499227959,8072.286499227959,0.0,0.0
weekly,2025-10-05 00:00:00+00:00,289.67990987937117,8361.96640910733,8361.96640910733,0.0,0.0
weekly,2025-10-12 00:00:00+00:00,532.961356731935,8894.927765839266,8894.927765839266,0.0,0.0
weekly,2025-10-19 00:00:00+00:00,-98.03234415708113,8796.895421682184,8894.927765839266,98.03234415708175,0.011021151237851799
weekly,2025-10-26 00:00:00+00:00,-111.8897746022268,8685.005647079957,8894.927765839266,209.92211875930843,0.023600205002845414
weekly,2025-11-02 00:00:00+00:00,697.0661316399267,9382.071778719885,9382.071778719885,0.0,0.0
weekly,2025-11-09 00:00:00+00:00,-285.77123050259775,9096.300548217287,9382.071778719885,285.771230502598,0.03045928844317469
weekly,2025-11-16 00:00:00+00:00,432.7750710013592,9529.075619218645,9529.075619218645,0.0,0.0
weekly,2025-11-23 00:00:00+00:00,-87.81717840534786,9441.258440813297,9529.075619218645,87.81717840534839,0.009215707998815222
weekly,2025-11-30 00:00:00+00:00,-379.04204324357704,9062.21639756972,9529.075619218645,466.8592216489251,0.04899312801205434
weekly,2025-12-07 00:00:00+00:00,286.14506974981543,9348.361467319535,9529.075619218645,180.71415189911022,0.018964499718591616
weekly,2025-12-14 00:00:00+00:00,861.6634593849694,10210.024926704504,10210.024926704504,0.0,0.0
weekly,2025-12-21 00:00:00+00:00,205.0945834510421,10415.119510155546,10415.119510155546,0.0,0.0
weekly,2025-12-28 00:00:00+00:00,-6.271450818118161,10408.848059337428,10415.119510155546,6.271450818117955,0.000602148713896447
weekly,2026-01-04 00:00:00+00:00,-221.73913043478393,10187.108928902644,10415.119510155546,228.01058125290183,0.021892267393626534
weekly,2026-01-11 00:00:00+00:00,-140.6280789300495,10046.480849972595,10415.119510155546,368.63866018295084,0.03539456842751537
weekly,2026-01-18 00:00:00+00:00,25.098551896711747,10071.579401869307,10415.119510155546,343.54010828623905,0.03298474952219808
weekly,2026-01-25 00:00:00+00:00,132.08554861552636,10203.664950484834,10415.119510155546,211.45455967071211,0.02030265322107227
weekly,2026-02-01 00:00:00+00:00,471.1983079804079,10674.863258465242,10674.863258465242,0.0,0.0
weekly,2026-02-08 00:00:00+00:00,112.31661244653947,10787.179870911781,10787.179870911781,0.0,0.0
weekly,2026-02-15 00:00:00+00:00,306.7834130408989,11093.96328395268,11093.96328395268,0.0,0.0
weekly,2026-02-22 00:00:00+00:00,493.1703741329977,11587.133658085679,11587.133658085679,0.0,0.0
weekly,2026-03-01 00:00:00+00:00,125.42502520475176,11712.55868329043,11712.55868329043,0.0,0.0
weekly,2026-03-08 00:00:00+00:00,-298.73564458068154,11413.823038709748,11712.55868329043,298.73564458068176,0.025505583592666997
weekly,2026-03-15 00:00:00+00:00,672.6180354117085,12086.441074121456,12086.441074121456,0.0,0.0
weekly,2026-03-22 00:00:00+00:00,174.51278297887853,12260.953857100334,12260.953857100334,0.0,0.0
weekly,2026-03-29 00:00:00+00:00,360.28992274199055,12621.243779842325,12621.243779842325,0.0,0.0
weekly,2026-04-05 00:00:00+00:00,243.6694816661947,12864.91326150852,12864.91326150852,0.0,0.0
weekly,2026-04-12 00:00:00+00:00,-134.1584590066026,12730.754802501917,12864.91326150852,134.15845900660315,0.010428244347981864
weekly,2026-04-19 00:00:00+00:00,-219.27252925019792,12511.482273251719,12864.91326150852,353.43098825680136,0.027472473468924
weekly,2026-04-26 00:00:00+00:00,256.62863254743615,12768.110905799154,12864.91326150852,96.80235570936566,0.00752452455307225
weekly,2026-05-03 00:00:00+00:00,168.86165753629118,12936.972563335445,12936.972563335445,0.0,0.0
weekly,2026-05-10 00:00:00+00:00,26.738412152378203,12963.710975487822,12963.710975487822,0.0,0.0
weekly,2026-05-17 00:00:00+00:00,650.0222384653349,13613.733213953157,13613.733213953157,0.0,0.0
weekly,2026-05-24 00:00:00+00:00,-54.42238141077783,13559.31083254238,13613.733213953157,54.422381410777234,0.003997608925889481
weekly,2026-05-31 00:00:00+00:00,586.1893701489048,14145.500202691284,14145.500202691284,0.0,0.0
monthly,2024-09-30 00:00:00+00:00,104.64931864400587,104.64931864400587,104.64931864400587,0.0,0.0
monthly,2024-10-31 00:00:00+00:00,862.281215282639,966.9305339266449,966.9305339266449,0.0,0.0
monthly,2024-11-30 00:00:00+00:00,782.5741077653079,1749.5046416919527,1749.5046416919527,0.0,0.0
monthly,2024-12-31 00:00:00+00:00,1188.963993903301,2938.4686355952535,2938.4686355952535,0.0,0.0
monthly,2025-01-31 00:00:00+00:00,-832.2166599864229,2106.2519756088304,2938.4686355952535,832.2166599864231,0.2832144096776581
monthly,2025-02-28 00:00:00+00:00,376.75161636450565,2483.003591973336,2938.4686355952535,455.46504362191763,0.15500081848913552
monthly,2025-03-31 00:00:00+00:00,259.78294279361864,2742.7865347669544,2938.4686355952535,195.6821008282991,0.06659322425902267
monthly,2025-04-30 00:00:00+00:00,332.6666789212486,3075.453213688203,3075.453213688203,0.0,0.0
monthly,2025-05-31 00:00:00+00:00,676.2345498624785,3751.6877635506817,3751.6877635506817,0.0,0.0
monthly,2025-06-30 00:00:00+00:00,665.8765990343807,4417.564362585063,4417.564362585063,0.0,0.0
monthly,2025-07-31 00:00:00+00:00,2305.4536279129666,6723.017990498029,6723.017990498029,0.0,0.0
monthly,2025-08-31 00:00:00+00:00,-36.00491378864916,6687.01307670938,6723.017990498029,36.00491378864899,0.005355468903926258
monthly,2025-09-30 00:00:00+00:00,1589.8604431675444,8276.873519876925,8276.873519876925,0.0,0.0
monthly,2025-10-31 00:00:00+00:00,1105.198258842961,9382.071778719885,9382.071778719885,0.0,0.0
monthly,2025-11-30 00:00:00+00:00,-319.85538115016345,9062.21639756972,9382.071778719885,319.85538115016425,0.03409219079688241
monthly,2025-12-31 00:00:00+00:00,1124.8925313329248,10187.108928902646,10187.108928902646,0.0,0.0
monthly,2026-01-31 00:00:00+00:00,487.75432956259647,10674.863258465242,10674.863258465242,0.0,0.0
monthly,2026-02-28 00:00:00+00:00,1037.6954248251877,11712.55868329043,11712.55868329043,0.0,0.0
monthly,2026-03-31 00:00:00+00:00,1105.8355908763192,12818.394274166749,12818.394274166749,0.0,0.0
monthly,2026-04-30 00:00:00+00:00,75.78564702823135,12894.17992119498,12894.17992119498,0.0,0.0
monthly,2026-05-31 00:00:00+00:00,1251.320281496307,14145.500202691288,14145.500202691288,0.0,0.0
