streak_id,sign,length,start_time,end_time,pnl_r,pnl_usd,start_setup_id,end_setup_id
1,loss,3,2024-09-19 17:30:00+00:00,2024-09-19 18:45:00+00:00,-3.0,-90.0,XAUUSD_148_SHORT_38,XAUUSD_148_SHORT_38
2,win,9,2024-09-24 19:30:00+00:00,2024-09-25 02:30:00+00:00,9.488310621466864,284.6493186440059,XAUUSD_423_LONG_95,XAUUSD_445_LONG_99
3,loss,3,2024-09-25 17:45:00+00:00,2024-09-25 17:45:00+00:00,-3.0,-90.0,XAUUSD_518_LONG_112,XAUUSD_518_LONG_112
4,win,6,2024-10-01 13:00:00+00:00,2024-10-01 19:45:00+00:00,14.641034854473553,439.2310456342066,XAUUSD_854_LONG_193,XAUUSD_881_LONG_197
5,loss,3,2024-10-10 18:30:00+00:00,2024-10-10 20:45:00+00:00,-2.2456443840355615,-67.36933152106684,XAUUSD_1528_LONG_319,XAUUSD_1528_LONG_319
6,win,12,2024-10-11 18:00:00+00:00,2024-10-15 21:15:00+00:00,23.419873216092416,702.5961964827725,XAUUSD_1617_LONG_340,XAUUSD_1780_LONG_366
7,loss,11,2024-10-16 16:45:00+00:00,2024-10-22 17:00:00+00:00,-7.092379331691643,-212.77137995074932,XAUUSD_1891_LONG_390,XAUUSD_2254_LONG_461
8,win,1,2024-10-22 20:30:00+00:00,2024-10-22 20:30:00+00:00,1.1750316322226833,35.2509489666805,XAUUSD_2254_LONG_461,XAUUSD_2254_LONG_461
9,loss,6,2024-10-22 21:30:00+00:00,2024-10-23 11:45:00+00:00,-4.169991326973124,-125.09973980919372,XAUUSD_2281_LONG_472,GBPUSD_320_SHORT_58
10,win,6,2024-10-23 17:15:00+00:00,2024-10-24 15:00:00+00:00,10.488549618320748,314.65648854962245,XAUUSD_2358_SHORT_491,XAUUSD_2424_LONG_507
11,loss,7,2024-10-24 20:00:00+00:00,2024-10-29 19:30:00+00:00,-7.0,-210.0,GBPUSD_448_SHORT_81,GBPUSD_733_LONG_123
12,win,3,2024-10-29 22:45:00+00:00,2024-10-30 15:45:00+00:00,3.1741293532340102,95.2238805970203,GBPUSD_733_LONG_123,GBPUSD_815_SHORT_143
13,loss,3,2024-10-30 16:45:00+00:00,2024-10-31 19:15:00+00:00,-3.0,-90.0,GBPUSD_815_SHORT_143,GBPUSD_929_SHORT_170
14,win,3,2024-10-31 21:45:00+00:00,2024-10-31 21:45:00+00:00,0.9096967677442135,27.290903032326405,GBPUSD_925_SHORT_168,GBPUSD_925_SHORT_168
15,loss,5,2024-10-31 22:45:00+00:00,2024-11-01 20:15:00+00:00,-3.211811757185976,-96.35435271557928,GBPUSD_929_SHORT_170,GBPUSD_1015_LONG_187
16,win,3,2024-11-05 14:15:00+00:00,2024-11-05 14:15:00+00:00,4.187675070027868,125.63025210083606,GBPUSD_1181_LONG_223,GBPUSD_1181_LONG_223
17,loss,8,2024-11-05 16:30:00+00:00,2024-11-07 19:00:00+00:00,-7.4325871187423145,-222.97761356226945,XAUUSD_3184_LONG_668,GBPUSD_1403_LONG_273
18,win,3,2024-11-07 19:45:00+00:00,2024-11-07 19:45:00+00:00,2.477651872836395,74.32955618509185,GBPUSD_1397_LONG_272,GBPUSD_1397_LONG_272
19,loss,4,2024-11-07 21:00:00+00:00,2024-11-12 14:30:00+00:00,-4.0,-120.0,GBPUSD_1403_LONG_273,XAUUSD_3622_SHORT_762
20,win,7,2024-11-13 22:30:00+00:00,2024-11-14 21:00:00+00:00,14.855602069170255,445.66806207510757,XAUUSD_3737_SHORT_780,XAUUSD_3827_LONG_802
21,loss,3,2024-11-14 21:00:00+00:00,2024-11-14 21:00:00+00:00,-1.341523341523173,-40.2457002456952,GBPUSD_1878_LONG_356,GBPUSD_1878_LONG_356
22,win,2,2024-11-14 21:00:00+00:00,2024-11-14 21:00:00+00:00,2.121668099742095,63.650042992262854,XAUUSD_3827_LONG_802,XAUUSD_3827_LONG_802
23,loss,4,2024-11-19 15:15:00+00:00,2024-11-19 19:15:00+00:00,-4.0,-120.0,XAUUSD_4091_LONG_861,XAUUSD_4095_SHORT_862
24,win,2,2024-11-19 20:15:00+00:00,2024-11-19 20:15:00+00:00,0.2418829516540108,7.256488549620325,XAUUSD_4095_SHORT_862,XAUUSD_4095_SHORT_862
25,loss,3,2024-11-19 21:00:00+00:00,2024-11-19 21:00:00+00:00,-1.2514734774067322,-37.54420432220197,XAUUSD_4098_SHORT_863,XAUUSD_4098_SHORT_863
26,win,4,2024-11-20 15:15:00+00:00,2024-11-20 18:30:00+00:00,3.906036092097129,117.18108276291387,GBPUSD_2235_SHORT_433,XAUUSD_4186_LONG_879
27,loss,1,2024-11-20 19:45:00+00:00,2024-11-20 19:45:00+00:00,-1.0,-30.0,GBPUSD_2258_SHORT_437,GBPUSD_2258_SHORT_437
28,win,2,2024-11-20 20:00:00+00:00,2024-11-20 20:00:00+00:00,3.1519924098671783,94.55977229601535,XAUUSD_4186_LONG_879,XAUUSD_4186_LONG_879
29,loss,3,2024-11-20 22:00:00+00:00,2024-11-21 13:15:00+00:00,-1.0701754385965627,-32.105263157896886,GBPUSD_2258_SHORT_437,GBPUSD_2325_SHORT_443
30,win,2,2024-11-21 14:00:00+00:00,2024-11-21 14:00:00+00:00,0.8184079601989196,24.55223880596759,GBPUSD_2325_SHORT_443,GBPUSD_2325_SHORT_443
31,loss,12,2024-11-21 15:00:00+00:00,2024-11-22 15:45:00+00:00,-9.284548611111095,-278.53645833333286,XAUUSD_4274_SHORT_897,GBPUSD_2429_SHORT_464
32,win,9,2024-11-22 22:45:00+00:00,2024-11-27 12:15:00+00:00,14.022972636977906,420.68917910933715,XAUUSD_4380_LONG_917,XAUUSD_4612_LONG_976
33,loss,1,2024-11-27 13:00:00+00:00,2024-11-27 13:00:00+00:00,-1.0,-30.0,XAUUSD_4617_LONG_977,XAUUSD_4617_LONG_977
34,win,5,2024-11-27 14:15:00+00:00,2024-11-27 17:45:00+00:00,10.958229848724258,328.7468954617277,XAUUSD_4617_LONG_977,GBPUSD_2727_LONG_520
35,loss,6,2024-11-27 19:00:00+00:00,2024-11-27 22:30:00+00:00,-2.62351624351633,-78.7054873054899,GBPUSD_2740_LONG_524,GBPUSD_2740_LONG_524
36,win,3,2024-11-28 21:30:00+00:00,2024-11-28 21:30:00+00:00,3.177497575169705,95.32492725509115,GBPUSD_2832_LONG_537,GBPUSD_2832_LONG_537
37,loss,3,2024-11-28 23:30:00+00:00,2024-11-28 23:30:00+00:00,-0.34398625429570934,-10.319587628871284,GBPUSD_2839_LONG_538,GBPUSD_2839_LONG_538
38,win,3,2024-11-29 14:45:00+00:00,2024-11-29 14:45:00+00:00,1.1682160247897744,35.04648074369323,GBPUSD_2901_SHORT_551,GBPUSD_2901_SHORT_551
39,loss,24,2024-12-02 01:00:00+00:00,2024-12-05 23:00:00+00:00,-21.690463596337988,-650.7139078901396,GBPUSD_2941_LONG_560,XAUUSD_5173_SHORT_1076
40,win,3,2024-12-10 16:15:00+00:00,2024-12-10 17:45:00+00:00,7.852253756260438,235.56761268781315,XAUUSD_5432_LONG_1131,XAUUSD_5432_LONG_1131
41,loss,3,2024-12-10 23:30:00+00:00,2024-12-10 23:30:00+00:00,-0.6318338292782971,-18.955014878348916,XAUUSD_5457_LONG_1138,XAUUSD_5457_LONG_1138
42,win,6,2024-12-11 09:45:00+00:00,2024-12-12 14:30:00+00:00,16.963582677165377,508.90748031496133,GBPUSD_3650_SHORT_713,GBPUSD_3760_SHORT_742
43,loss,2,2024-12-12 15:30:00+00:00,2024-12-12 15:30:00+00:00,-2.0,-60.0,GBPUSD_3777_SHORT_746,GBPUSD_3777_SHORT_746
44,win,4,2024-12-12 17:15:00+00:00,2024-12-12 19:45:00+00:00,10.214569536423863,306.4370860927159,GBPUSD_3776_SHORT_745,GBPUSD_3776_SHORT_745
45,loss,3,2024-12-12 21:00:00+00:00,2024-12-12 21:00:00+00:00,-1.0320945945946587,-30.962837837839764,XAUUSD_5631_SHORT_1173,XAUUSD_5631_SHORT_1173
46,win,3,2024-12-13 16:30:00+00:00,2024-12-13 16:30:00+00:00,6.553733726357071,196.61201179071213,XAUUSD_5705_SHORT_1185,XAUUSD_5705_SHORT_1185
47,loss,3,2024-12-17 22:45:00+00:00,2024-12-17 22:45:00+00:00,-1.8287304645686822,-54.861913937060464,GBPUSD_4077_LONG_799,GBPUSD_4077_LONG_799
48,win,9,2024-12-18 18:45:00+00:00,2024-12-20 20:15:00+00:00,18.69002061949444,560.7006185848331,XAUUSD_5992_SHORT_1233,GBPUSD_4359_LONG_856
49,loss,3,2024-12-24 17:30:00+00:00,2024-12-24 17:30:00+00:00,-3.0,-90.0,GBPUSD_4546_LONG_898,GBPUSD_4546_LONG_898
50,win,1,2024-12-27 16:30:00+00:00,2024-12-27 16:30:00+00:00,3.0,90.0,XAUUSD_6531_SHORT_1335,XAUUSD_6531_SHORT_1335
51,loss,1,2024-12-27 17:15:00+00:00,2024-12-27 17:15:00+00:00,-1.0,-30.0,GBPUSD_4743_LONG_941,GBPUSD_4743_LONG_941
52,win,7,2024-12-27 19:30:00+00:00,2024-12-31 21:00:00+00:00,7.541095299188465,226.23285897565395,XAUUSD_6531_SHORT_1335,XAUUSD_6717_LONG_1372
53,loss,4,2025-01-03 12:00:00+00:00,2025-01-03 18:00:00+00:00,-4.0,-120.0,XAUUSD_6877_SHORT_1398,XAUUSD_6901_SHORT_1401
54,win,4,2025-01-03 21:15:00+00:00,2025-01-07 15:30:00+00:00,6.2979855568224705,188.93956670467412,XAUUSD_6901_SHORT_1401,XAUUSD_7079_LONG_1432
55,loss,1,2025-01-07 17:00:00+00:00,2025-01-07 17:00:00+00:00,-1.0,-30.0,XAUUSD_7079_LONG_1432,XAUUSD_7079_LONG_1432
56,win,6,2025-01-07 21:45:00+00:00,2025-01-08 18:00:00+00:00,2.549612356842674,76.48837070528023,GBPUSD_5317_SHORT_1052,GBPUSD_5398_SHORT_1064
57,loss,6,2025-01-08 19:30:00+00:00,2025-01-08 19:30:00+00:00,-6.0,-180.0,XAUUSD_7179_LONG_1449,XAUUSD_7179_LONG_1449
58,win,3,2025-01-09 08:00:00+00:00,2025-01-09 08:45:00+00:00,9.0,270.0,GBPUSD_5465_SHORT_1078,GBPUSD_5465_SHORT_1078
59,loss,5,2025-01-09 20:15:00+00:00,2025-01-14 19:00:00+00:00,-4.428019485973442,-132.84058457920327,XAUUSD_7271_SHORT_1468,GBPUSD_5794_LONG_1140
60,win,1,2025-01-14 21:30:00+00:00,2025-01-14 21:30:00+00:00,0.1914819944598561,5.744459833795684,GBPUSD_5794_LONG_1140,GBPUSD_5794_LONG_1140
61,loss,4,2025-01-14 22:00:00+00:00,2025-01-16 13:45:00+00:00,-3.041998936735809,-91.25996810207425,XAUUSD_7552_LONG_1503,GBPUSD_5961_SHORT_1172
62,win,2,2025-01-16 15:15:00+00:00,2025-01-16 15:15:00+00:00,1.9349216854180624,58.04765056254187,GBPUSD_5961_SHORT_1172,GBPUSD_5961_SHORT_1172
63,loss,6,2025-01-17 20:15:00+00:00,2025-01-17 21:00:00+00:00,-5.80614203454899,-174.18426103646968,XAUUSD_7827_LONG_1547,XAUUSD_7827_LONG_1547
64,win,6,2025-01-21 21:30:00+00:00,2025-01-21 23:30:00+00:00,5.669627121300559,170.08881363901676,XAUUSD_7997_LONG_1579,GBPUSD_6284_LONG_1233
65,loss,6,2025-01-23 23:15:00+00:00,2025-01-24 16:15:00+00:00,-3.8539134143739524,-115.61740243121858,XAUUSD_8188_LONG_1614,XAUUSD_8266_LONG_1627
66,win,3,2025-01-24 22:45:00+00:00,2025-01-24 22:45:00+00:00,0.3913404681618945,11.74021404485684,XAUUSD_8277_SHORT_1629,XAUUSD_8277_SHORT_1629
67,loss,14,2025-01-29 02:15:00+00:00,2025-01-29 18:00:00+00:00,-11.292345186662196,-338.7703555998659,XAUUSD_8472_LONG_1666,XAUUSD_8531_SHORT_1675
68,win,1,2025-01-29 21:15:00+00:00,2025-01-29 21:15:00+00:00,0.6133537401951205,18.40061220585361,XAUUSD_8531_SHORT_1675,XAUUSD_8531_SHORT_1675
69,loss,1,2025-01-29 21:30:00+00:00,2025-01-29 21:30:00+00:00,-1.0,-30.0,GBPUSD_6855_LONG_1328,GBPUSD_6855_LONG_1328
70,win,2,2025-01-29 22:15:00+00:00,2025-01-29 22:15:00+00:00,1.0335408022129904,31.00622406638971,GBPUSD_6855_LONG_1328,GBPUSD_6855_LONG_1328
71,loss,15,2025-01-30 09:30:00+00:00,2025-01-31 20:15:00+00:00,-15.0,-450.0,GBPUSD_6913_SHORT_1337,GBPUSD_7051_LONG_1366
72,win,3,2025-02-04 17:00:00+00:00,2025-02-04 20:00:00+00:00,6.439227194913245,193.17681584739736,XAUUSD_8911_LONG_1749,XAUUSD_8911_LONG_1749
73,loss,3,2025-02-05 15:45:00+00:00,2025-02-05 15:45:00+00:00,-0.5406322936559611,-16.218968809678838,GBPUSD_7309_LONG_1421,GBPUSD_7309_LONG_1421
74,win,3,2025-02-06 11:45:00+00:00,2025-02-06 14:00:00+00:00,9.0,270.0,GBPUSD_7403_SHORT_1440,GBPUSD_7403_SHORT_1440
75,loss,6,2025-02-07 18:15:00+00:00,2025-02-12 23:00:00+00:00,-4.586926762491436,-137.6078028747431,GBPUSD_7525_SHORT_1464,GBPUSD_7821_LONG_1529
76,win,1,2025-02-13 09:00:00+00:00,2025-02-13 09:00:00+00:00,3.0,90.0,GBPUSD_7869_LONG_1543,GBPUSD_7869_LONG_1543
77,loss,2,2025-02-13 10:30:00+00:00,2025-02-13 10:30:00+00:00,-2.0,-60.0,GBPUSD_7869_LONG_1543,GBPUSD_7869_LONG_1543
78,win,6,2025-02-14 23:00:00+00:00,2025-02-17 01:00:00+00:00,7.724454260170818,231.7336278051245,XAUUSD_9659_SHORT_1921,GBPUSD_8018_SHORT_1580
79,loss,11,2025-02-18 10:00:00+00:00,2025-02-20 09:00:00+00:00,-10.01709401709401,-300.51282051282027,GBPUSD_8165_LONG_1615,GBPUSD_8347_LONG_1648
80,win,1,2025-02-20 12:00:00+00:00,2025-02-20 12:00:00+00:00,2.5023622047245477,75.07086614173642,GBPUSD_8347_LONG_1648,GBPUSD_8347_LONG_1648
81,loss,3,2025-02-20 13:45:00+00:00,2025-02-20 14:45:00+00:00,-2.6439169139465397,-79.31750741839619,GBPUSD_8361_LONG_1650,GBPUSD_8361_LONG_1650
82,win,3,2025-02-20 22:30:00+00:00,2025-02-20 22:30:00+00:00,4.402898550724708,132.08695652174126,GBPUSD_8390_LONG_1655,GBPUSD_8390_LONG_1655
83,loss,3,2025-02-25 18:30:00+00:00,2025-02-25 18:45:00+00:00,-1.9869503546103024,-59.60851063830907,GBPUSD_8664_LONG_1710,GBPUSD_8664_LONG_1710
84,win,3,2025-02-27 21:15:00+00:00,2025-02-27 21:15:00+00:00,2.2649653434151196,67.94896030245359,GBPUSD_8867_SHORT_1747,GBPUSD_8867_SHORT_1747
85,loss,4,2025-02-28 22:45:00+00:00,2025-03-04 12:15:00+00:00,-3.012019637717973,-90.3605891315392,GBPUSD_8968_SHORT_1766,GBPUSD_9130_LONG_1796
86,win,1,2025-03-04 15:15:00+00:00,2025-03-04 15:15:00+00:00,0.6783310901749227,20.34993270524768,GBPUSD_9130_LONG_1796,GBPUSD_9130_LONG_1796
87,loss,1,2025-03-04 15:15:00+00:00,2025-03-04 15:15:00+00:00,-1.0,-30.0,GBPUSD_9139_LONG_1799,GBPUSD_9139_LONG_1799
88,win,1,2025-03-04 15:15:00+00:00,2025-03-04 15:15:00+00:00,0.5087483176311921,15.262449528935765,GBPUSD_9130_LONG_1796,GBPUSD_9130_LONG_1796
89,loss,6,2025-03-04 15:30:00+00:00,2025-03-05 20:00:00+00:00,-6.0,-180.0,GBPUSD_9139_LONG_1799,XAUUSD_10838_LONG_2178
90,win,3,2025-03-05 21:15:00+00:00,2025-03-05 21:15:00+00:00,3.0600587371510968,91.80176211453292,GBPUSD_9251_LONG_1820,GBPUSD_9251_LONG_1820
91,loss,2,2025-03-05 21:30:00+00:00,2025-03-05 21:30:00+00:00,-0.22439697625545357,-6.731909287663609,XAUUSD_10838_LONG_2178,XAUUSD_10838_LONG_2178
92,win,3,2025-03-06 00:45:00+00:00,2025-03-06 00:45:00+00:00,0.4360027378508936,13.080082135526808,GBPUSD_9263_LONG_1821,GBPUSD_9263_LONG_1821
93,loss,7,2025-03-11 22:45:00+00:00,2025-03-13 09:30:00+00:00,-7.0,-210.0,GBPUSD_9653_LONG_1893,GBPUSD_9793_SHORT_1917
94,win,2,2025-03-13 10:30:00+00:00,2025-03-13 10:30:00+00:00,6.0,180.0,GBPUSD_9786_SHORT_1915,GBPUSD_9787_SHORT_1916
95,loss,3,2025-03-13 11:15:00+00:00,2025-03-13 11:15:00+00:00,-3.0,-90.0,GBPUSD_9786_SHORT_1915,GBPUSD_9793_SHORT_1917
96,win,3,2025-03-13 11:30:00+00:00,2025-03-13 12:00:00+00:00,0.9747343507908715,29.242030523726143,GBPUSD_9787_SHORT_1916,GBPUSD_9786_SHORT_1915
97,loss,12,2025-03-13 16:45:00+00:00,2025-03-18 16:30:00+00:00,-8.376046511627823,-251.28139534883474,GBPUSD_9823_SHORT_1922,XAUUSD_11662_LONG_2345
98,win,18,2025-03-19 09:15:00+00:00,2025-03-21 11:00:00+00:00,34.24341055736328,1027.3023167208987,GBPUSD_10170_SHORT_1972,XAUUSD_11900_SHORT_2395
99,loss,14,2025-03-25 11:15:00+00:00,2025-04-01 18:00:00+00:00,-11.629391238907067,-348.881737167212,GBPUSD_10570_SHORT_2051,XAUUSD_12574_SHORT_2541
100,win,2,2025-04-01 21:00:00+00:00,2025-04-02 23:00:00+00:00,3.879027617951619,116.37082853854857,XAUUSD_12574_SHORT_2541,GBPUSD_11179_LONG_2175
101,loss,1,2025-04-02 23:15:00+00:00,2025-04-02 23:15:00+00:00,-1.0,-30.0,GBPUSD_11179_LONG_2175,GBPUSD_11179_LONG_2175
102,win,5,2025-04-02 23:15:00+00:00,2025-04-03 16:00:00+00:00,15.0,450.0,GBPUSD_11179_LONG_2175,XAUUSD_12759_SHORT_2585
103,loss,2,2025-04-03 17:00:00+00:00,2025-04-03 17:00:00+00:00,-2.0,-60.0,XAUUSD_12759_SHORT_2585,XAUUSD_12757_SHORT_2584
104,win,6,2025-04-03 23:30:00+00:00,2025-04-08 22:45:00+00:00,7.803625553084839,234.10876659254515,GBPUSD_11275_SHORT_2205,XAUUSD_13051_SHORT_2647
105,loss,24,2025-04-09 21:15:00+00:00,2025-04-15 17:15:00+00:00,-23.189202972461025,-695.6760891738307,XAUUSD_13153_SHORT_2667,XAUUSD_13490_SHORT_2737
106,win,3,2025-04-16 01:45:00+00:00,2025-04-16 02:15:00+00:00,7.561880375550001,226.85641126650003,XAUUSD_13522_LONG_2741,XAUUSD_13522_LONG_2741
107,loss,6,2025-04-17 17:45:00+00:00,2025-04-18 01:45:00+00:00,-4.796747967479544,-143.90243902438633,GBPUSD_12224_LONG_2411,GBPUSD_12234_LONG_2413
108,win,3,2025-04-22 15:15:00+00:00,2025-04-22 15:15:00+00:00,2.8131072248722644,84.39321674616792,GBPUSD_12491_SHORT_2464,GBPUSD_12491_SHORT_2464
109,loss,1,2025-04-22 20:15:00+00:00,2025-04-22 20:15:00+00:00,-1.0,-30.0,XAUUSD_13874_SHORT_2819,XAUUSD_13874_SHORT_2819
110,win,5,2025-04-22 23:15:00+00:00,2025-04-23 00:30:00+00:00,6.713971200309049,201.41913600927148,XAUUSD_13874_SHORT_2819,GBPUSD_12528_SHORT_2469
111,loss,3,2025-04-23 10:30:00+00:00,2025-04-23 10:45:00+00:00,-3.0,-90.0,GBPUSD_12583_LONG_2486,GBPUSD_12583_LONG_2486
112,win,6,2025-04-23 21:30:00+00:00,2025-04-24 15:30:00+00:00,4.959022852639986,148.77068557919958,GBPUSD_12612_SHORT_2494,GBPUSD_12684_LONG_2505
113,loss,7,2025-04-25 20:00:00+00:00,2025-04-30 15:15:00+00:00,-6.655794587092236,-199.6738376127671,GBPUSD_12812_LONG_2532,GBPUSD_13076_SHORT_2596
114,win,5,2025-04-30 16:45:00+00:00,2025-05-01 22:15:00+00:00,6.980129990714996,209.40389972144987,GBPUSD_13076_SHORT_2596,GBPUSD_13191_SHORT_2620
115,loss,15,2025-05-02 23:30:00+00:00,2025-05-07 18:15:00+00:00,-10.193086175475957,-305.79258526427867,XAUUSD_14619_SHORT_2995,GBPUSD_13568_LONG_2699
116,win,6,2025-05-07 23:00:00+00:00,2025-05-09 16:15:00+00:00,12.12187184638053,363.6561553914159,GBPUSD_13578_SHORT_2701,GBPUSD_13743_LONG_2738
117,loss,3,2025-05-13 17:30:00+00:00,2025-05-13 18:45:00+00:00,-3.0,-90.0,XAUUSD_15248_SHORT_3133,XAUUSD_15248_SHORT_3133
118,win,6,2025-05-13 23:00:00+00:00,2025-05-14 00:30:00+00:00,6.614969604710603,198.4490881413181,GBPUSD_13962_LONG_2782,GBPUSD_13968_LONG_2784
119,loss,3,2025-05-15 01:45:00+00:00,2025-05-15 01:45:00+00:00,-0.021744324969790396,-0.6523297490937151,GBPUSD_14069_SHORT_2798,GBPUSD_14069_SHORT_2798
120,win,12,2025-05-15 18:15:00+00:00,2025-05-20 15:15:00+00:00,28.889051644532756,866.6715493359827,XAUUSD_15436_LONG_3180,XAUUSD_15690_LONG_3236
121,loss,10,2025-05-22 14:30:00+00:00,2025-05-28 21:15:00+00:00,-10.0,-300.0,XAUUSD_15885_SHORT_3275,XAUUSD_16245_SHORT_3345
122,win,2,2025-05-28 22:15:00+00:00,2025-05-28 22:15:00+00:00,0.1499590761894829,4.498772285684489,XAUUSD_16245_SHORT_3345,XAUUSD_16245_SHORT_3345
123,loss,3,2025-05-30 08:15:00+00:00,2025-05-30 08:45:00+00:00,-3.0,-90.0,XAUUSD_16400_SHORT_3370,XAUUSD_16400_SHORT_3370
124,win,3,2025-06-03 11:15:00+00:00,2025-06-03 11:15:00+00:00,0.43445692883889536,13.033707865166868,XAUUSD_16584_SHORT_3407,XAUUSD_16584_SHORT_3407
125,loss,9,2025-06-05 18:00:00+00:00,2025-06-05 22:30:00+00:00,-5.980045661039613,-179.40136983118845,GBPUSD_15582_LONG_3103,XAUUSD_16799_SHORT_3451
126,win,6,2025-06-06 14:00:00+00:00,2025-06-06 20:30:00+00:00,8.105036822018254,243.15110466054765,GBPUSD_15654_SHORT_3113,XAUUSD_16882_SHORT_3467
127,loss,3,2025-06-10 22:15:00+00:00,2025-06-10 22:15:00+00:00,-3.0,-90.0,XAUUSD_17094_SHORT_3507,XAUUSD_17094_SHORT_3507
128,win,5,2025-06-12 01:15:00+00:00,2025-06-12 10:30:00+00:00,13.732395976223117,411.9718792866935,XAUUSD_17194_LONG_3525,GBPUSD_16037_SHORT_3184
129,loss,1,2025-06-12 12:45:00+00:00,2025-06-12 12:45:00+00:00,-1.0,-30.0,GBPUSD_16037_SHORT_3184,GBPUSD_16037_SHORT_3184
130,win,1,2025-06-17 17:30:00+00:00,2025-06-17 17:30:00+00:00,3.0,90.0,GBPUSD_16351_SHORT_3248,GBPUSD_16351_SHORT_3248
131,loss,2,2025-06-17 17:45:00+00:00,2025-06-17 17:45:00+00:00,-2.0,-60.0,XAUUSD_17535_SHORT_3588,XAUUSD_17535_SHORT_3588
132,win,2,2025-06-17 19:45:00+00:00,2025-06-17 19:45:00+00:00,6.0,180.0,GBPUSD_16351_SHORT_3248,GBPUSD_16351_SHORT_3248
133,loss,1,2025-06-17 20:15:00+00:00,2025-06-17 20:15:00+00:00,-1.0,-30.0,XAUUSD_17535_SHORT_3588,XAUUSD_17535_SHORT_3588
134,win,3,2025-06-25 22:00:00+00:00,2025-06-26 00:00:00+00:00,5.290484140233875,158.71452420701627,GBPUSD_16941_LONG_3381,GBPUSD_16941_LONG_3381
135,loss,3,2025-06-26 16:45:00+00:00,2025-06-26 20:15:00+00:00,-3.0,-90.0,XAUUSD_18175_SHORT_3733,XAUUSD_18175_SHORT_3733
136,win,3,2025-06-27 11:30:00+00:00,2025-06-27 11:30:00+00:00,3.6853176874642974,110.55953062392891,XAUUSD_18231_SHORT_3748,XAUUSD_18231_SHORT_3748
137,loss,1,2025-06-27 18:30:00+00:00,2025-06-27 18:30:00+00:00,-1.0,-30.0,GBPUSD_17122_SHORT_3428,GBPUSD_17122_SHORT_3428
138,win,2,2025-06-27 21:15:00+00:00,2025-06-27 21:15:00+00:00,1.9282407407405335,57.847222222216004,GBPUSD_17122_SHORT_3428,GBPUSD_17122_SHORT_3428
139,loss,3,2025-06-27 21:45:00+00:00,2025-06-27 22:45:00+00:00,-3.0,-90.0,GBPUSD_17139_SHORT_3431,GBPUSD_17139_SHORT_3431
140,win,3,2025-07-01 10:15:00+00:00,2025-07-01 12:45:00+00:00,9.0,270.0,XAUUSD_18420_LONG_3776,XAUUSD_18420_LONG_3776
141,loss,10,2025-07-01 20:30:00+00:00,2025-07-08 15:00:00+00:00,-9.281045751633961,-278.4313725490188,GBPUSD_17313_SHORT_3466,XAUUSD_18879_SHORT_3876
142,win,11,2025-07-08 16:15:00+00:00,2025-07-11 01:45:00+00:00,15.515432013036806,465.46296039110405,GBPUSD_17783_SHORT_3569,GBPUSD_18004_LONG_3618
143,loss,6,2025-07-11 09:45:00+00:00,2025-07-11 12:30:00+00:00,-6.0,-180.0,XAUUSD_19141_LONG_3937,GBPUSD_18060_SHORT_3631
144,win,6,2025-07-11 13:00:00+00:00,2025-07-11 18:15:00+00:00,11.502326902503224,345.0698070750967,XAUUSD_19140_LONG_3936,XAUUSD_19161_LONG_3947
145,loss,3,2025-07-11 20:30:00+00:00,2025-07-11 20:30:00+00:00,-0.4774011299435284,-14.32203389830586,XAUUSD_19170_LONG_3948,XAUUSD_19170_LONG_3948
146,win,12,2025-07-15 16:15:00+00:00,2025-07-16 11:15:00+00:00,26.291607463609132,788.748223908274,XAUUSD_19351_SHORT_3997,XAUUSD_19410_LONG_4015
147,loss,3,2025-07-16 17:45:00+00:00,2025-07-16 17:45:00+00:00,-3.0,-90.0,XAUUSD_19450_SHORT_4022,XAUUSD_19450_SHORT_4022
148,win,3,2025-07-17 14:00:00+00:00,2025-07-17 14:00:00+00:00,3.4423220973782698,103.2696629213481,XAUUSD_19512_SHORT_4039,XAUUSD_19512_SHORT_4039
149,loss,6,2025-07-17 19:45:00+00:00,2025-07-18 09:45:00+00:00,-4.2996941896025165,-128.9908256880755,GBPUSD_18446_LONG_3704,GBPUSD_18530_SHORT_3715
150,win,3,2025-07-18 15:00:00+00:00,2025-07-18 15:15:00+00:00,6.200542570951567,186.01627712854705,XAUUSD_19610_LONG_4064,XAUUSD_19610_LONG_4064
151,loss,3,2025-07-18 17:15:00+00:00,2025-07-18 17:45:00+00:00,-3.0,-90.0,GBPUSD_18557_LONG_3723,GBPUSD_18557_LONG_3723
152,win,3,2025-07-18 22:30:00+00:00,2025-07-18 22:30:00+00:00,5.203303684879616,156.0991105463885,GBPUSD_18568_SHORT_3726,GBPUSD_18568_SHORT_3726
153,loss,1,2025-07-23 17:15:00+00:00,2025-07-23 17:15:00+00:00,-1.0,-30.0,GBPUSD_18823_LONG_3780,GBPUSD_18823_LONG_3780
154,win,5,2025-07-23 21:00:00+00:00,2025-07-23 21:30:00+00:00,8.04711157698657,241.41334730959713,GBPUSD_18823_LONG_3780,GBPUSD_18852_LONG_3785
155,loss,1,2025-07-24 14:45:00+00:00,2025-07-24 14:45:00+00:00,-1.0,-30.0,GBPUSD_18928_SHORT_3800,GBPUSD_18928_SHORT_3800
156,win,3,2025-07-24 15:00:00+00:00,2025-07-24 15:30:00+00:00,5.9372272574689395,178.1168177240682,XAUUSD_19979_SHORT_4137,XAUUSD_19979_SHORT_4137
157,loss,2,2025-07-24 16:30:00+00:00,2025-07-24 16:30:00+00:00,-0.3118927973201289,-9.356783919603869,GBPUSD_18928_SHORT_3800,GBPUSD_18928_SHORT_3800
158,win,3,2025-07-25 11:15:00+00:00,2025-07-25 11:15:00+00:00,8.478391495262308,254.35174485786922,XAUUSD_20051_SHORT_4156,XAUUSD_20051_SHORT_4156
159,loss,2,2025-07-25 16:30:00+00:00,2025-07-25 16:30:00+00:00,-2.0,-60.0,XAUUSD_20085_SHORT_4160,XAUUSD_20085_SHORT_4160
160,win,4,2025-07-25 19:00:00+00:00,2025-07-25 20:15:00+00:00,3.714928607298966,111.44785821896897,XAUUSD_20085_SHORT_4160,GBPUSD_19039_SHORT_3821
161,loss,3,2025-07-31 10:15:00+00:00,2025-07-31 10:30:00+00:00,-3.0,-90.0,GBPUSD_19392_LONG_3898,GBPUSD_19392_LONG_3898
162,win,4,2025-07-31 11:15:00+00:00,2025-07-31 12:45:00+00:00,8.343419788664857,250.30259365994567,XAUUSD_20415_LONG_4225,XAUUSD_20415_LONG_4225
163,loss,1,2025-07-31 13:45:00+00:00,2025-07-31 13:45:00+00:00,-1.0,-30.0,XAUUSD_20431_LONG_4226,XAUUSD_20431_LONG_4226
164,win,1,2025-07-31 14:00:00+00:00,2025-07-31 14:00:00+00:00,0.1689203245267132,5.067609735801398,XAUUSD_20431_LONG_4226,XAUUSD_20431_LONG_4226
165,loss,15,2025-07-31 22:30:00+00:00,2025-08-06 18:30:00+00:00,-6.689212082136089,-200.6763624640827,XAUUSD_20463_SHORT_4231,XAUUSD_20827_LONG_4310
166,win,9,2025-08-06 19:00:00+00:00,2025-08-07 18:15:00+00:00,18.4677678233328,554.0330346999839,GBPUSD_19808_LONG_3991,EURUSD_19892_SHORT_4192
167,loss,9,2025-08-08 14:00:00+00:00,2025-08-08 17:00:00+00:00,-9.0,-270.0,EURUSD_19983_SHORT_4212,GBPUSD_19997_SHORT_4033
168,win,3,2025-08-08 20:00:00+00:00,2025-08-08 20:00:00+00:00,2.1388888888887942,64.16666666666382,EURUSD_19993_LONG_4216,EURUSD_19993_LONG_4216
169,loss,13,2025-08-08 21:45:00+00:00,2025-08-14 17:15:00+00:00,-9.213520455015196,-276.40561365045585,EURUSD_20005_LONG_4217,XAUUSD_21377_SHORT_4424
170,win,5,2025-08-14 21:00:00+00:00,2025-08-15 13:30:00+00:00,7.441044418117236,223.23133254351708,XAUUSD_21377_SHORT_4424,EURUSD_20452_LONG_4320
171,loss,2,2025-08-15 16:15:00+00:00,2025-08-15 16:15:00+00:00,-2.0,-60.0,EURUSD_20464_LONG_4323,EURUSD_20464_LONG_4323
172,win,1,2025-08-15 19:45:00+00:00,2025-08-15 19:45:00+00:00,0.6441314553990456,19.323943661971366,EURUSD_20464_LONG_4323,EURUSD_20464_LONG_4323
173,loss,19,2025-08-20 11:00:00+00:00,2025-08-26 16:15:00+00:00,-17.266368338463558,-517.9910501539067,XAUUSD_21719_LONG_4479,GBPUSD_21140_LONG_4277
174,win,2,2025-08-26 17:45:00+00:00,2025-08-26 17:45:00+00:00,1.7050538525268268,51.15161557580481,EURUSD_21140_LONG_4477,EURUSD_21140_LONG_4477
175,loss,2,2025-08-26 17:45:00+00:00,2025-08-26 17:45:00+00:00,-0.0309343434342048,-0.9280303030261465,GBPUSD_21140_LONG_4277,GBPUSD_21140_LONG_4277
176,win,7,2025-08-26 17:45:00+00:00,2025-08-27 22:45:00+00:00,13.574568955389719,407.2370686616916,EURUSD_21140_LONG_4477,GBPUSD_21257_LONG_4302
177,loss,10,2025-08-28 10:45:00+00:00,2025-08-29 01:00:00+00:00,-8.398709315375843,-251.9612794612753,EURUSD_21306_SHORT_4518,XAUUSD_22319_LONG_4628
178,win,3,2025-08-29 01:00:00+00:00,2025-08-29 01:00:00+00:00,0.985704389445059,29.571131683351773,XAUUSD_22313_LONG_4627,XAUUSD_22313_LONG_4627
179,loss,2,2025-08-29 02:30:00+00:00,2025-08-29 02:30:00+00:00,-1.5378513536816574,-46.13554061044972,XAUUSD_22319_LONG_4628,XAUUSD_22319_LONG_4628
180,win,12,2025-08-29 14:00:00+00:00,2025-09-02 15:45:00+00:00,14.301508274701794,429.04524824105374,GBPUSD_21421_SHORT_4337,EURUSD_21612_SHORT_4593
181,loss,3,2025-09-03 13:30:00+00:00,2025-09-03 15:45:00+00:00,-2.436186186186134,-73.08558558558401,EURUSD_21709_LONG_4614,EURUSD_21709_LONG_4614
182,win,12,2025-09-03 16:15:00+00:00,2025-09-03 21:45:00+00:00,23.706277343044075,711.1883202913224,XAUUSD_22644_LONG_4690,GBPUSD_21733_LONG_4408
183,loss,11,2025-09-03 21:45:00+00:00,2025-09-04 17:00:00+00:00,-7.115943273016556,-213.47829819049667,EURUSD_21733_LONG_4619,XAUUSD_22738_LONG_4707
184,win,1,2025-09-04 19:15:00+00:00,2025-09-04 19:15:00+00:00,0.4884792626727356,14.654377880182068,GBPUSD_21817_SHORT_4421,GBPUSD_21817_SHORT_4421
185,loss,5,2025-09-05 14:15:00+00:00,2025-09-05 14:45:00+00:00,-5.0,-150.0,EURUSD_21905_LONG_4654,EURUSD_21910_LONG_4655
186,win,1,2025-09-05 15:30:00+00:00,2025-09-05 15:30:00+00:00,3.0,90.0,EURUSD_21905_LONG_4654,EURUSD_21905_LONG_4654
187,loss,6,2025-09-09 09:00:00+00:00,2025-09-09 09:30:00+00:00,-6.0,-180.0,XAUUSD_22986_LONG_4754,GBPUSD_22080_LONG_4491
188,win,3,2025-09-09 21:30:00+00:00,2025-09-09 21:30:00+00:00,3.524515863205364,105.73547589616092,GBPUSD_22107_SHORT_4495,GBPUSD_22107_SHORT_4495
189,loss,6,2025-09-10 01:30:00+00:00,2025-09-11 14:30:00+00:00,-5.051529790659983,-151.5458937197995,GBPUSD_22132_SHORT_4501,GBPUSD_22289_SHORT_4531
190,win,3,2025-09-11 21:45:00+00:00,2025-09-11 21:45:00+00:00,2.834768877404595,85.04306632213783,GBPUSD_22309_LONG_4533,GBPUSD_22309_LONG_4533
191,loss,6,2025-09-12 17:45:00+00:00,2025-09-15 00:45:00+00:00,-3.7769808743171644,-113.30942622951494,XAUUSD_23296_LONG_4814,EURUSD_22417_LONG_4777
192,win,3,2025-09-17 20:15:00+00:00,2025-09-17 20:15:00+00:00,2.6030581039754908,78.09174311926472,XAUUSD_23570_LONG_4883,XAUUSD_23570_LONG_4883
193,loss,10,2025-09-18 09:45:00+00:00,2025-09-19 10:15:00+00:00,-9.517331589274084,-285.5199476782225,EURUSD_22752_SHORT_4852,GBPUSD_22854_SHORT_4664
194,win,2,2025-09-19 14:00:00+00:00,2025-09-19 14:00:00+00:00,1.0405405405406414,31.216216216219244,GBPUSD_22854_SHORT_4664,GBPUSD_22854_SHORT_4664
195,loss,3,2025-09-19 16:00:00+00:00,2025-09-19 16:00:00+00:00,-3.0,-90.0,EURUSD_22876_SHORT_4883,EURUSD_22876_SHORT_4883
196,win,1,2025-09-23 10:15:00+00:00,2025-09-23 10:15:00+00:00,3.0,90.0,EURUSD_23045_SHORT_4916,EURUSD_23045_SHORT_4916
197,loss,2,2025-09-23 11:30:00+00:00,2025-09-23 11:45:00+00:00,-2.0,-60.0,EURUSD_23045_SHORT_4916,EURUSD_23045_SHORT_4916
198,win,19,2025-09-24 18:45:00+00:00,2025-09-30 10:15:00+00:00,45.92683086027939,1377.8049258083815,XAUUSD_24013_SHORT_4981,EURUSD_23521_LONG_5001
199,loss,1,2025-09-30 10:30:00+00:00,2025-09-30 10:30:00+00:00,-1.0,-30.0,EURUSD_23526_LONG_5002,EURUSD_23526_LONG_5002
200,win,2,2025-09-30 11:15:00+00:00,2025-09-30 11:30:00+00:00,6.0,180.0,EURUSD_23521_LONG_5001,EURUSD_23521_LONG_5001
201,loss,2,2025-09-30 14:00:00+00:00,2025-09-30 14:00:00+00:00,-1.180432645034542,-35.412979351036256,EURUSD_23526_LONG_5002,EURUSD_23526_LONG_5002
202,win,9,2025-10-01 17:45:00+00:00,2025-10-02 13:45:00+00:00,14.836429641013583,445.0928892304075,XAUUSD_24484_SHORT_5091,EURUSD_23717_LONG_5051
203,loss,12,2025-10-02 15:15:00+00:00,2025-10-03 17:00:00+00:00,-12.0,-360.0,XAUUSD_24576_LONG_5104,XAUUSD_24676_LONG_5125
204,win,9,2025-10-07 10:00:00+00:00,2025-10-07 13:45:00+00:00,23.215151079788434,696.4545323936529,GBPUSD_24005_SHORT_4913,GBPUSD_24005_SHORT_4913
205,loss,5,2025-10-09 12:00:00+00:00,2025-10-09 17:45:00+00:00,-5.0,-150.0,EURUSD_24199_SHORT_5164,XAUUSD_25047_SHORT_5208
206,win,4,2025-10-09 20:15:00+00:00,2025-10-09 22:00:00+00:00,5.999806088811379,179.9941826643414,XAUUSD_25047_SHORT_5208,EURUSD_24230_SHORT_5168
207,loss,18,2025-10-09 23:00:00+00:00,2025-10-14 17:00:00+00:00,-15.449578610868649,-463.4873583260595,GBPUSD_24234_SHORT_4985,XAUUSD_25290_SHORT_5265
208,win,6,2025-10-17 19:30:00+00:00,2025-10-21 12:00:00+00:00,13.732255194764086,411.96765584292257,XAUUSD_25590_SHORT_5324,EURUSD_24951_SHORT_5304
209,loss,15,2025-10-21 19:30:00+00:00,2025-10-24 09:45:00+00:00,-12.05193861251901,-361.5581583755703,GBPUSD_25001_LONG_5146,EURUSD_25245_SHORT_5365
210,win,3,2025-10-24 20:45:00+00:00,2025-10-24 20:45:00+00:00,0.3222794591113275,9.668383773339826,XAUUSD_26056_LONG_5421,XAUUSD_26056_LONG_5421
211,loss,1,2025-10-28 19:30:00+00:00,2025-10-28 19:30:00+00:00,-1.0,-30.0,XAUUSD_26250_LONG_5470,XAUUSD_26250_LONG_5470
212,win,3,2025-10-28 20:45:00+00:00,2025-10-28 20:45:00+00:00,3.967380621233155,119.02141863699464,XAUUSD_26240_LONG_5467,XAUUSD_26240_LONG_5467
213,loss,2,2025-10-28 21:30:00+00:00,2025-10-28 23:15:00+00:00,-1.5513976555455349,-46.541929666366045,XAUUSD_26250_LONG_5470,XAUUSD_26250_LONG_5470
214,win,3,2025-10-29 08:00:00+00:00,2025-10-29 09:45:00+00:00,9.0,270.0,GBPUSD_25531_SHORT_5264,GBPUSD_25531_SHORT_5264
215,loss,4,2025-10-29 10:00:00+00:00,2025-10-29 21:00:00+00:00,-4.0,-120.0,EURUSD_25537_SHORT_5428,XAUUSD_26343_SHORT_5489
216,win,2,2025-10-29 21:30:00+00:00,2025-10-29 22:30:00+00:00,6.0,180.0,XAUUSD_26343_SHORT_5489,XAUUSD_26343_SHORT_5489
217,loss,1,2025-10-29 23:30:00+00:00,2025-10-29 23:30:00+00:00,-1.0,-30.0,EURUSD_25589_SHORT_5443,EURUSD_25589_SHORT_5443
218,win,1,2025-10-30 01:00:00+00:00,2025-10-30 01:00:00+00:00,3.0,90.0,XAUUSD_26352_SHORT_5490,XAUUSD_26352_SHORT_5490
219,loss,2,2025-10-30 01:45:00+00:00,2025-10-30 01:45:00+00:00,-0.9773802179723563,-29.321406539170688,EURUSD_25589_SHORT_5443,EURUSD_25589_SHORT_5443
220,win,5,2025-10-30 02:45:00+00:00,2025-10-30 16:00:00+00:00,10.379049972542564,311.371499176277,XAUUSD_26352_SHORT_5490,GBPUSD_25651_SHORT_5292
221,loss,1,2025-10-30 21:00:00+00:00,2025-10-30 21:00:00+00:00,-1.0,-30.0,XAUUSD_26427_LONG_5510,XAUUSD_26427_LONG_5510
222,win,2,2025-10-31 01:30:00+00:00,2025-10-31 01:30:00+00:00,1.6148028092922466,48.4440842787674,XAUUSD_26427_LONG_5510,XAUUSD_26427_LONG_5510
223,loss,2,2025-10-31 09:30:00+00:00,2025-10-31 09:30:00+00:00,-2.0,-60.0,GBPUSD_25729_SHORT_5307,GBPUSD_25729_SHORT_5307
224,win,1,2025-10-31 12:45:00+00:00,2025-10-31 12:45:00+00:00,0.8030821917808119,24.09246575342436,GBPUSD_25729_SHORT_5307,GBPUSD_25729_SHORT_5307
225,loss,12,2025-11-05 00:45:00+00:00,2025-11-07 18:15:00+00:00,-9.525707683419926,-285.77123050259775,GBPUSD_25969_SHORT_5362,XAUUSD_26978_SHORT_5626
226,win,2,2025-11-11 15:15:00+00:00,2025-11-11 15:15:00+00:00,6.0,180.0,EURUSD_26418_LONG_5619,EURUSD_26418_LONG_5619
227,loss,1,2025-11-11 17:00:00+00:00,2025-11-11 17:00:00+00:00,-1.0,-30.0,GBPUSD_26430_LONG_5478,GBPUSD_26430_LONG_5478
228,win,3,2025-11-11 17:00:00+00:00,2025-11-11 20:15:00+00:00,2.0149477099531405,60.448431298594215,EURUSD_26418_LONG_5619,GBPUSD_26430_LONG_5478
229,loss,3,2025-11-13 11:30:00+00:00,2025-11-13 15:00:00+00:00,-2.1872370266479773,-65.61711079943932,XAUUSD_27321_LONG_5705,XAUUSD_27321_LONG_5705
230,win,6,2025-11-13 18:45:00+00:00,2025-11-13 21:15:00+00:00,9.598125016740145,287.9437505022043,EURUSD_26624_LONG_5663,EURUSD_26627_LONG_5664
231,loss,3,2025-11-19 09:45:00+00:00,2025-11-19 09:45:00+00:00,-3.0,-90.0,EURUSD_26975_LONG_5737,EURUSD_26975_LONG_5737
232,win,3,2025-11-19 12:45:00+00:00,2025-11-19 15:15:00+00:00,4.431701972242622,132.95105916727866,GBPUSD_26986_SHORT_5605,GBPUSD_26986_SHORT_5605
233,loss,3,2025-11-19 17:15:00+00:00,2025-11-19 17:45:00+00:00,-3.0,-90.0,XAUUSD_27695_LONG_5791,XAUUSD_27695_LONG_5791
234,win,3,2025-11-19 22:15:00+00:00,2025-11-19 22:15:00+00:00,4.641058747579116,139.2317624273735,GBPUSD_27015_SHORT_5608,GBPUSD_27015_SHORT_5608
235,loss,15,2025-11-20 18:00:00+00:00,2025-11-26 17:30:00+00:00,-15.0,-450.0,XAUUSD_27799_LONG_5815,XAUUSD_28170_SHORT_5894
236,win,3,2025-11-26 21:45:00+00:00,2025-11-26 21:45:00+00:00,0.8470744680852349,25.41223404255705,EURUSD_27493_LONG_5858,EURUSD_27493_LONG_5858
237,loss,6,2025-11-27 19:30:00+00:00,2025-11-28 11:30:00+00:00,-4.481809242871136,-134.45427728613407,EURUSD_27588_LONG_5874,GBPUSD_27652_SHORT_5741
238,win,4,2025-12-03 09:00:00+00:00,2025-12-03 09:15:00+00:00,12.0,360.0,GBPUSD_27933_LONG_5799,GBPUSD_27937_LONG_5800
239,loss,3,2025-12-03 10:00:00+00:00,2025-12-03 10:15:00+00:00,-3.0,-90.0,EURUSD_27937_LONG_5951,GBPUSD_27937_LONG_5800
240,win,2,2025-12-03 10:45:00+00:00,2025-12-03 10:45:00+00:00,6.0,180.0,GBPUSD_27937_LONG_5800,GBPUSD_27933_LONG_5799
241,loss,6,2025-12-03 22:30:00+00:00,2025-12-04 19:15:00+00:00,-5.295774647887252,-158.87323943661755,EURUSD_27984_LONG_5961,GBPUSD_28066_LONG_5834
242,win,2,2025-12-05 09:00:00+00:00,2025-12-05 09:30:00+00:00,6.0,180.0,EURUSD_28127_LONG_5995,EURUSD_28127_LONG_5995
243,loss,9,2025-12-05 11:00:00+00:00,2025-12-09 19:45:00+00:00,-8.166056360452233,-244.981690813567,XAUUSD_28764_LONG_6008,XAUUSD_28982_LONG_6047
244,win,3,2025-12-09 20:00:00+00:00,2025-12-09 20:00:00+00:00,4.029046813310406,120.87140439931218,GBPUSD_28350_SHORT_5890,GBPUSD_28350_SHORT_5890
245,loss,8,2025-12-09 21:45:00+00:00,2025-12-10 17:30:00+00:00,-4.015744236484963,-120.47232709454889,XAUUSD_28960_LONG_6044,GBPUSD_28448_LONG_5907
246,win,2,2025-12-10 20:30:00+00:00,2025-12-10 20:30:00+00:00,1.9332090711398635,57.996272134195905,GBPUSD_28448_LONG_5907,GBPUSD_28448_LONG_5907
247,loss,11,2025-12-10 20:30:00+00:00,2025-12-10 21:30:00+00:00,-11.0,-330.0,GBPUSD_28461_LONG_5910,EURUSD_28461_LONG_6061
248,win,12,2025-12-10 22:00:00+00:00,2025-12-11 18:45:00+00:00,36.0,1080.0,EURUSD_28464_LONG_6063,XAUUSD_29162_LONG_6083
249,loss,3,2025-12-11 20:45:00+00:00,2025-12-11 20:45:00+00:00,-1.0317460317456575,-30.95238095236973,GBPUSD_28545_LONG_5926,GBPUSD_28545_LONG_5926
250,win,7,2025-12-11 21:00:00+00:00,2025-12-12 00:45:00+00:00,8.956593634458132,268.6978090337439,EURUSD_28545_LONG_6087,GBPUSD_28558_SHORT_5928
251,loss,6,2025-12-12 15:30:00+00:00,2025-12-12 17:15:00+00:00,-3.9924134660974584,-119.77240398292376,EURUSD_28620_SHORT_6103,XAUUSD_29252_LONG_6109
252,win,1,2025-12-12 18:30:00+00:00,2025-12-12 18:30:00+00:00,3.0,90.0,GBPUSD_28640_SHORT_5944,GBPUSD_28640_SHORT_5944
253,loss,2,2025-12-12 20:00:00+00:00,2025-12-12 20:45:00+00:00,-2.0,-60.0,XAUUSD_29261_SHORT_6110,EURUSD_28655_LONG_6113
254,win,2,2025-12-12 20:45:00+00:00,2025-12-12 20:45:00+00:00,1.804532577903501,54.13597733710503,GBPUSD_28640_SHORT_5944,GBPUSD_28640_SHORT_5944
255,loss,4,2025-12-12 21:00:00+00:00,2025-12-12 22:00:00+00:00,-2.961363049651513,-88.84089148954538,EURUSD_28655_LONG_6113,XAUUSD_29261_SHORT_6110
256,win,3,2025-12-16 15:30:00+00:00,2025-12-16 17:00:00+00:00,9.0,270.0,GBPUSD_28819_LONG_5993,EURUSD_28823_LONG_6150
257,loss,9,2025-12-16 17:15:00+00:00,2025-12-17 01:00:00+00:00,-6.420359966174193,-192.61079898522578,GBPUSD_28819_LONG_5993,EURUSD_28849_SHORT_6158
258,win,3,2025-12-18 14:15:00+00:00,2025-12-18 14:30:00+00:00,7.25684608120893,217.70538243626788,EURUSD_29000_SHORT_6185,EURUSD_29000_SHORT_6185
259,loss,9,2025-12-19 22:45:00+00:00,2025-12-24 12:00:00+00:00,-8.65254237288131,-259.5762711864393,GBPUSD_29137_LONG_6059,XAUUSD_29947_SHORT_6235
260,win,2,2025-12-24 17:30:00+00:00,2025-12-24 17:45:00+00:00,6.0,180.0,XAUUSD_29988_SHORT_6243,XAUUSD_29988_SHORT_6243
261,loss,6,2025-12-26 01:00:00+00:00,2025-12-30 11:30:00+00:00,-5.556505987722628,-166.69517963167883,XAUUSD_29988_SHORT_6243,EURUSD_29669_SHORT_6331
262,win,1,2025-12-30 14:15:00+00:00,2025-12-30 14:15:00+00:00,0.6086956521738695,18.260869565216083,EURUSD_29670_SHORT_6332,EURUSD_29670_SHORT_6332
263,loss,4,2025-12-31 10:00:00+00:00,2026-01-06 19:45:00+00:00,-4.0,-120.0,GBPUSD_29765_SHORT_6198,GBPUSD_30086_SHORT_6283
264,win,3,2026-01-06 21:00:00+00:00,2026-01-06 21:00:00+00:00,2.6283524904220164,78.85057471266049,EURUSD_30082_SHORT_6439,EURUSD_30082_SHORT_6439
265,loss,5,2026-01-06 22:00:00+00:00,2026-01-07 10:30:00+00:00,-3.453144266337708,-103.59432799013123,GBPUSD_30086_SHORT_6283,XAUUSD_30680_SHORT_6390
266,win,3,2026-01-07 21:45:00+00:00,2026-01-07 21:45:00+00:00,3.3006230529596414,99.01869158878927,GBPUSD_30181_SHORT_6307,GBPUSD_30181_SHORT_6307
267,loss,15,2026-01-08 23:00:00+00:00,2026-01-15 00:45:00+00:00,-11.68313087774243,-350.4939263322729,EURUSD_30282_SHORT_6475,EURUSD_30673_SHORT_6558
268,win,3,2026-01-15 15:00:00+00:00,2026-01-15 15:30:00+00:00,9.0,270.0,GBPUSD_30739_SHORT_6415,GBPUSD_30739_SHORT_6415
269,loss,3,2026-01-15 18:15:00+00:00,2026-01-15 20:15:00+00:00,-2.3576826196474596,-70.73047858942378,GBPUSD_30751_SHORT_6419,GBPUSD_30751_SHORT_6419
270,win,3,2026-01-16 12:15:00+00:00,2026-01-16 14:30:00+00:00,5.713997985901347,171.4199395770404,GBPUSD_30824_LONG_6434,GBPUSD_30824_LONG_6434
271,loss,10,2026-01-16 14:45:00+00:00,2026-01-21 17:00:00+00:00,-10.0,-300.0,EURUSD_30837_LONG_6580,XAUUSD_31624_SHORT_6586
272,win,2,2026-01-21 20:45:00+00:00,2026-01-21 20:45:00+00:00,0.1605990318677486,4.817970956032463,XAUUSD_31624_SHORT_6586,XAUUSD_31624_SHORT_6586
273,loss,1,2026-01-21 21:45:00+00:00,2026-01-21 21:45:00+00:00,-1.0,-30.0,EURUSD_31151_SHORT_6663,EURUSD_31151_SHORT_6663
274,win,11,2026-01-22 01:30:00+00:00,2026-01-27 21:45:00+00:00,22.14435614852046,664.3306844556138,EURUSD_31151_SHORT_6663,EURUSD_31525_LONG_6759
275,loss,1,2026-01-28 20:30:00+00:00,2026-01-28 20:30:00+00:00,-1.0,-30.0,XAUUSD_32092_LONG_6692,XAUUSD_32092_LONG_6692
276,win,2,2026-01-28 22:45:00+00:00,2026-01-28 22:45:00+00:00,4.12073361566158,123.6220084698474,XAUUSD_32092_LONG_6692,XAUUSD_32092_LONG_6692
277,loss,7,2026-01-29 15:15:00+00:00,2026-01-30 17:30:00+00:00,-4.460293373798651,-133.80880121395953,EURUSD_31691_SHORT_6795,EURUSD_31804_SHORT_6825
278,win,5,2026-01-30 21:00:00+00:00,2026-01-30 21:45:00+00:00,4.144066464280006,124.32199392840019,EURUSD_31804_SHORT_6825,GBPUSD_31806_SHORT_6648
279,loss,12,2026-02-03 11:15:00+00:00,2026-02-04 11:30:00+00:00,-10.971777269260148,-329.1533180778044,GBPUSD_31978_SHORT_6687,GBPUSD_32073_LONG_6707
280,win,6,2026-02-04 18:00:00+00:00,2026-02-04 22:45:00+00:00,9.01805166729419,270.54155001882566,GBPUSD_32078_SHORT_6708,GBPUSD_32105_SHORT_6713
281,loss,1,2026-02-05 12:45:00+00:00,2026-02-05 12:45:00+00:00,-1.0,-30.0,XAUUSD_32616_SHORT_6806,XAUUSD_32616_SHORT_6806
282,win,2,2026-02-05 15:45:00+00:00,2026-02-05 15:45:00+00:00,0.8291417887944164,24.87425366383249,XAUUSD_32616_SHORT_6806,XAUUSD_32616_SHORT_6806
283,loss,3,2026-02-06 09:00:00+00:00,2026-02-06 10:45:00+00:00,-3.0,-90.0,GBPUSD_32257_LONG_6755,GBPUSD_32257_LONG_6755
284,win,6,2026-02-06 17:45:00+00:00,2026-02-06 20:30:00+00:00,8.868470894722854,266.0541268416856,GBPUSD_32278_LONG_6758,XAUUSD_32724_LONG_6824
285,loss,2,2026-02-10 21:45:00+00:00,2026-02-10 21:45:00+00:00,-2.0,-60.0,GBPUSD_32498_SHORT_6801,EURUSD_32495_SHORT_6959
286,win,3,2026-02-11 00:00:00+00:00,2026-02-11 00:00:00+00:00,1.4117400419286086,42.35220125785826,GBPUSD_32483_SHORT_6797,GBPUSD_32483_SHORT_6797
287,loss,2,2026-02-11 00:15:00+00:00,2026-02-11 00:15:00+00:00,-0.0566146735991328,-1.6984402079739862,EURUSD_32495_SHORT_6959,EURUSD_32495_SHORT_6959
288,win,2,2026-02-11 01:00:00+00:00,2026-02-11 01:00:00+00:00,1.6136249371541935,48.408748114625794,GBPUSD_32498_SHORT_6801,GBPUSD_32498_SHORT_6801
289,loss,3,2026-02-11 14:15:00+00:00,2026-02-11 14:30:00+00:00,-3.0,-90.0,GBPUSD_32555_LONG_6815,GBPUSD_32555_LONG_6815
290,win,4,2026-02-11 15:30:00+00:00,2026-02-13 09:00:00+00:00,12.0,360.0,EURUSD_32570_SHORT_6976,EURUSD_32731_SHORT_7001
291,loss,3,2026-02-13 11:15:00+00:00,2026-02-13 17:45:00+00:00,-1.1620370370373738,-34.86111111112122,EURUSD_32731_SHORT_7001,XAUUSD_33186_LONG_6912
292,win,2,2026-02-13 20:45:00+00:00,2026-02-13 20:45:00+00:00,2.419400499583668,72.58201498751004,XAUUSD_33186_LONG_6912,XAUUSD_33186_LONG_6912
293,loss,3,2026-02-13 22:45:00+00:00,2026-02-16 02:00:00+00:00,-3.0,-90.0,XAUUSD_33197_LONG_6915,XAUUSD_33197_LONG_6915
294,win,6,2026-02-17 20:00:00+00:00,2026-02-17 23:45:00+00:00,7.923909782770447,237.7172934831134,XAUUSD_33358_SHORT_6947,EURUSD_32973_LONG_7041
295,loss,6,2026-02-18 12:00:00+00:00,2026-02-18 15:30:00+00:00,-5.787346221441308,-173.62038664323924,EURUSD_33030_SHORT_7054,EURUSD_33050_LONG_7056
296,win,12,2026-02-18 16:30:00+00:00,2026-02-19 00:15:00+00:00,21.81570678744761,654.4712036234284,XAUUSD_33450_LONG_6968,EURUSD_33071_SHORT_7061
297,loss,1,2026-02-19 01:30:00+00:00,2026-02-19 01:30:00+00:00,-1.0,-30.0,XAUUSD_33471_SHORT_6972,XAUUSD_33471_SHORT_6972
298,win,2,2026-02-19 02:15:00+00:00,2026-02-19 02:15:00+00:00,1.4867421223231716,44.60226366969515,XAUUSD_33471_SHORT_6972,XAUUSD_33471_SHORT_6972
299,loss,15,2026-02-19 12:00:00+00:00,2026-02-24 14:30:00+00:00,-15.0,-450.0,EURUSD_33122_LONG_7070,GBPUSD_33422_LONG_6986
300,win,6,2026-02-25 19:00:00+00:00,2026-02-25 22:45:00+00:00,5.670014836200298,170.10044508600893,EURUSD_33539_LONG_7157,EURUSD_33544_LONG_7159
301,loss,2,2026-02-26 17:30:00+00:00,2026-02-26 17:45:00+00:00,-2.0,-60.0,GBPUSD_33631_SHORT_7034,GBPUSD_33631_SHORT_7034
302,win,4,2026-02-26 21:15:00+00:00,2026-02-27 15:15:00+00:00,10.26905829596412,308.0717488789236,GBPUSD_33631_SHORT_7034,XAUUSD_34089_LONG_7110
303,loss,3,2026-02-27 18:15:00+00:00,2026-02-27 22:00:00+00:00,-2.0619638870392922,-61.85891661117876,XAUUSD_34094_LONG_7111,XAUUSD_34094_LONG_7111
304,win,3,2026-02-27 22:00:00+00:00,2026-02-27 22:00:00+00:00,1.3037249283666004,39.11174785099801,EURUSD_33734_LONG_7208,EURUSD_33734_LONG_7208
305,loss,12,2026-03-03 14:00:00+00:00,2026-03-05 01:00:00+00:00,-9.957854819356053,-298.7356445806816,GBPUSD_33902_SHORT_7118,XAUUSD_34387_SHORT_7178
306,win,6,2026-03-11 01:15:00+00:00,2026-03-11 01:45:00+00:00,8.305555555555141,249.16666666665424,GBPUSD_34419_SHORT_7229,EURUSD_34421_SHORT_7382
307,loss,2,2026-03-11 21:00:00+00:00,2026-03-11 22:45:00+00:00,-2.0,-60.0,XAUUSD_34842_SHORT_7258,XAUUSD_34842_SHORT_7258
308,win,1,2026-03-12 01:30:00+00:00,2026-03-12 01:30:00+00:00,0.2025442753803679,6.076328261411039,XAUUSD_34842_SHORT_7258,XAUUSD_34842_SHORT_7258
309,loss,3,2026-03-12 08:30:00+00:00,2026-03-12 09:30:00+00:00,-3.0,-90.0,XAUUSD_34892_SHORT_7270,XAUUSD_34892_SHORT_7270
310,win,9,2026-03-12 23:30:00+00:00,2026-03-13 10:00:00+00:00,21.912501349454775,657.3750404836433,XAUUSD_34944_SHORT_7283,GBPUSD_34655_SHORT_7278
311,loss,18,2026-03-13 16:30:00+00:00,2026-03-19 12:15:00+00:00,-17.760164693772516,-532.8049408131756,XAUUSD_35013_LONG_7298,EURUSD_35052_SHORT_7528
312,win,12,2026-03-19 16:45:00+00:00,2026-03-20 01:15:00+00:00,23.577257459735137,707.3177237920539,GBPUSD_35068_LONG_7373,EURUSD_35090_LONG_7536
313,loss,7,2026-03-20 19:00:00+00:00,2026-03-25 18:00:00+00:00,-6.1866276640200715,-185.59882992060213,GBPUSD_35173_SHORT_7395,EURUSD_35459_SHORT_7619
314,win,5,2026-03-25 21:30:00+00:00,2026-03-26 02:45:00+00:00,7.387254107260436,221.61762321781305,EURUSD_35459_SHORT_7619,XAUUSD_35762_SHORT_7475
315,loss,1,2026-03-27 12:30:00+00:00,2026-03-27 12:30:00+00:00,-1.0,-30.0,EURUSD_35626_SHORT_7660,EURUSD_35626_SHORT_7660
316,win,5,2026-03-27 14:45:00+00:00,2026-03-27 15:30:00+00:00,11.809037648159322,354.2711294447796,GBPUSD_35627_SHORT_7490,GBPUSD_35627_SHORT_7490
317,loss,3,2026-03-27 16:30:00+00:00,2026-03-27 16:30:00+00:00,-3.0,-90.0,GBPUSD_35644_SHORT_7493,GBPUSD_35644_SHORT_7493
318,win,6,2026-03-31 20:45:00+00:00,2026-04-01 17:00:00+00:00,8.122316055539823,243.66948166619468,XAUUSD_36125_LONG_7537,GBPUSD_35918_LONG_7551
319,loss,9,2026-04-08 16:15:00+00:00,2026-04-09 18:15:00+00:00,-9.0,-270.0,EURUSD_36409_LONG_7800,EURUSD_36516_SHORT_7825
320,win,3,2026-04-09 19:00:00+00:00,2026-04-09 19:30:00+00:00,8.299361799016797,248.98085397050392,EURUSD_36506_LONG_7822,EURUSD_36506_LONG_7822
321,loss,6,2026-04-10 09:00:00+00:00,2026-04-10 12:15:00+00:00,-6.0,-180.0,GBPUSD_36577_SHORT_7703,EURUSD_36581_SHORT_7845
322,win,3,2026-04-10 17:15:00+00:00,2026-04-10 17:30:00+00:00,5.228689567429782,156.8606870228935,EURUSD_36596_LONG_7847,EURUSD_36596_LONG_7847
323,loss,18,2026-04-10 20:30:00+00:00,2026-04-21 17:45:00+00:00,-13.309084308339932,-399.2725292501979,GBPUSD_36620_SHORT_7713,EURUSD_37282_LONG_7984
324,win,6,2026-04-21 17:45:00+00:00,2026-04-21 21:15:00+00:00,18.0,540.0,XAUUSD_37407_SHORT_7803,XAUUSD_37406_SHORT_7802
325,loss,15,2026-04-22 01:45:00+00:00,2026-04-23 13:45:00+00:00,-12.144403636574005,-364.33210909722015,XAUUSD_37425_SHORT_7808,GBPUSD_37455_LONG_7895
326,win,6,2026-04-24 00:45:00+00:00,2026-04-24 22:45:00+00:00,5.6986913881552095,170.96074164465628,GBPUSD_37489_SHORT_7904,GBPUSD_37573_LONG_7916
327,loss,2,2026-04-28 11:15:00+00:00,2026-04-28 11:15:00+00:00,-2.0,-60.0,GBPUSD_37736_SHORT_7957,GBPUSD_37735_SHORT_7956
328,win,8,2026-04-28 13:15:00+00:00,2026-04-28 14:45:00+00:00,19.436696665934925,583.1008999780478,XAUUSD_37840_SHORT_7898,GBPUSD_37747_SHORT_7960
329,loss,14,2026-04-28 16:30:00+00:00,2026-04-30 16:00:00+00:00,-13.706555671175789,-411.1966701352736,GBPUSD_37747_SHORT_7960,EURUSD_37942_LONG_8129
330,win,3,2026-04-30 21:45:00+00:00,2026-04-30 21:45:00+00:00,1.4721595184350036,44.16478555305011,EURUSD_37938_LONG_8127,EURUSD_37938_LONG_8127
331,loss,4,2026-04-30 23:45:00+00:00,2026-05-01 16:45:00+00:00,-2.8623188405797277,-85.86956521739182,EURUSD_37960_LONG_8133,EURUSD_38041_LONG_8148
332,win,2,2026-05-01 17:00:00+00:00,2026-05-01 18:45:00+00:00,3.288740245261958,98.66220735785875,EURUSD_38041_LONG_8148,EURUSD_38041_LONG_8148
333,loss,1,2026-05-05 13:45:00+00:00,2026-05-05 13:45:00+00:00,-1.0,-30.0,XAUUSD_38304_LONG_7993,XAUUSD_38304_LONG_7993
334,win,2,2026-05-05 15:00:00+00:00,2026-05-05 15:00:00+00:00,1.8668583949602822,56.00575184880846,XAUUSD_38304_LONG_7993,XAUUSD_38304_LONG_7993
335,loss,6,2026-05-05 17:15:00+00:00,2026-05-05 20:45:00+00:00,-3.6383476227591456,-109.15042868277438,XAUUSD_38330_LONG_7999,GBPUSD_38241_LONG_8057
336,win,12,2026-05-05 21:00:00+00:00,2026-05-08 11:30:00+00:00,11.959442125991519,358.78326377974554,EURUSD_38241_LONG_8192,EURUSD_38495_LONG_8249
337,loss,15,2026-05-08 16:00:00+00:00,2026-05-12 08:45:00+00:00,-11.296672493113382,-338.90017479340145,EURUSD_38511_LONG_8252,EURUSD_38681_SHORT_8299
338,win,6,2026-05-12 09:30:00+00:00,2026-05-12 12:45:00+00:00,14.297774391211954,428.9332317363586,GBPUSD_38689_SHORT_8157,XAUUSD_38757_SHORT_8099
339,flat,3,2026-05-12 14:30:00+00:00,2026-05-12 14:30:00+00:00,0.0,0.0,EURUSD_38696_SHORT_8302,EURUSD_38696_SHORT_8302
340,loss,12,2026-05-12 19:00:00+00:00,2026-05-13 18:30:00+00:00,-10.534192269573733,-316.025768087212,EURUSD_38721_SHORT_8303,XAUUSD_38879_SHORT_8124
341,win,4,2026-05-14 19:15:00+00:00,2026-05-14 19:30:00+00:00,12.0,360.0,GBPUSD_38911_SHORT_8197,GBPUSD_38921_SHORT_8200
342,loss,1,2026-05-14 20:30:00+00:00,2026-05-14 20:30:00+00:00,-1.0,-30.0,EURUSD_38920_SHORT_8337,EURUSD_38920_SHORT_8337
343,win,8,2026-05-14 20:30:00+00:00,2026-05-15 12:00:00+00:00,11.903825827206274,357.1147748161883,GBPUSD_38921_SHORT_8200,EURUSD_38980_SHORT_8350
344,loss,6,2026-05-15 13:45:00+00:00,2026-05-19 13:00:00+00:00,-6.0,-180.0,EURUSD_38980_SHORT_8350,EURUSD_39185_SHORT_8403
345,win,5,2026-05-19 16:15:00+00:00,2026-05-19 17:15:00+00:00,9.238674748191533,277.160242445746,EURUSD_39184_SHORT_8402,EURUSD_39184_SHORT_8402
346,loss,3,2026-05-19 20:00:00+00:00,2026-05-19 21:00:00+00:00,-2.2049180327866047,-66.14754098359813,EURUSD_39201_SHORT_8405,EURUSD_39201_SHORT_8405
347,win,3,2026-05-21 19:45:00+00:00,2026-05-21 19:45:00+00:00,1.1521639042358114,34.564917127074345,GBPUSD_39388_SHORT_8304,GBPUSD_39388_SHORT_8304
348,loss,6,2026-05-22 11:00:00+00:00,2026-05-22 18:15:00+00:00,-6.0,-180.0,GBPUSD_39460_SHORT_8317,XAUUSD_39515_SHORT_8234
349,win,1,2026-05-26 10:00:00+00:00,2026-05-26 10:00:00+00:00,3.0,90.0,GBPUSD_39648_SHORT_8354,GBPUSD_39648_SHORT_8354
350,loss,4,2026-05-26 12:45:00+00:00,2026-05-26 16:15:00+00:00,-3.4772727272726405,-104.31818181817921,GBPUSD_39648_SHORT_8354,XAUUSD_39694_SHORT_8279
351,win,7,2026-05-26 18:00:00+00:00,2026-05-26 20:30:00+00:00,10.449625435748125,313.4887630724437,GBPUSD_39675_SHORT_8358,EURUSD_39680_SHORT_8514
352,loss,6,2026-05-27 15:15:00+00:00,2026-05-27 15:15:00+00:00,-6.0,-180.0,GBPUSD_39766_SHORT_8379,EURUSD_39766_SHORT_8529
353,win,1,2026-05-27 16:15:00+00:00,2026-05-27 16:15:00+00:00,3.0,90.0,XAUUSD_39783_SHORT_8300,XAUUSD_39783_SHORT_8300
354,loss,5,2026-05-27 18:30:00+00:00,2026-05-27 21:45:00+00:00,-1.7585759638989162,-52.75727891696749,EURUSD_39776_SHORT_8531,EURUSD_39776_SHORT_8531
355,win,1,2026-05-28 17:00:00+00:00,2026-05-28 17:00:00+00:00,3.0,90.0,EURUSD_39871_LONG_8555,EURUSD_39871_LONG_8555
356,loss,1,2026-05-28 17:00:00+00:00,2026-05-28 17:00:00+00:00,-1.0,-30.0,GBPUSD_39871_LONG_8408,GBPUSD_39871_LONG_8408
357,win,7,2026-05-28 17:15:00+00:00,2026-05-28 20:45:00+00:00,16.319253069318787,489.5775920795636,XAUUSD_39883_LONG_8323,EURUSD_39871_LONG_8555
358,loss,6,2026-05-29 14:30:00+00:00,2026-05-29 22:30:00+00:00,-3.9933841422651906,-119.80152426795571,GBPUSD_39946_SHORT_8424,GBPUSD_39976_LONG_8430
